TeamName,FG2Pct,RankFG2Pct,FG3Pct,RankFG3Pct,FTPct,RankFTPct,BlockPct,RankBlockPct,OppFG2Pct,RankOppFG2Pct,OppFG3Pct,RankOppFG3Pct,OppFTPct,RankOppFTPct,OppBlockPct,RankOppBlockPct,FG3Rate,RankFG3Rate,OppFG3Rate,RankOppFG3Rate,ARate,RankARate,OppARate,RankOppARate,StlRate,RankStlRate,OppStlRate,RankOppStlRate,DFP,NSTRate,RankNSTRate,OppNSTRate,RankOppNSTRate
Abilene Christian,48.45938375,235,38.61386139,17,66.66666667,291,6.395348837,289,58.13953488,350,31.03448276,84,73.30316742,274,7.282913165,73,36.13595707,225,33.59073359,72,60.55776892,28,55.51181102,274,0.110071148,75,0.092691493,165,NULL,11.0071148,295,11.58643663,29
Air Force,57.2972973,18,36.17021277,74,70.07575758,211,13.79310345,31,48.07302231,127,26.81992337,8,71.26436782,201,9.189189189,190,47.06723891,19,34.61538462,96,66.4652568,6,41.69381107,19,0.108085752,88,0.088233267,125,NULL,10.587992,276,7.940994003,317
Akron,46.51810585,278,32.35294118,223,70.35175879,202,5.733944954,317,45.87155963,65,38.11881188,340,70.76923077,184,10.86350975,277,43.10618067,53,31.66144201,40,52.15686275,149,52.3465704,207,0.096318529,164,0.096318529,198,NULL,8.410913839,86,8.68223364,256
Alabama,52.5462963,95,34.29319372,127,71.21212121,168,12.25165563,47,42.54966887,14,29.80392157,49,69.09090909,129,11.34259259,299,46.92874693,20,29.68568102,14,56.42458101,68,42.94294294,29,0.074687247,309,0.106553806,284,NULL,11.45204456,316,8.564137673,270
Alabama A&M,43.79562044,329,34.82587065,111,65.83850932,311,10.32258065,110,54.51612903,305,36.996337,310,64.9122807,21,9.732360097,232,32.84313725,295,46.82675815,350,50,198,54.81481481,259,0.105785578,101,0.087925675,120,NULL,11.26547715,307,10.99070942,57
Alabama St.,35.15482696,363,32.73542601,207,68.27956989,256,7.333333333,248,53.77777778,293,38.95131086,348,67.71653543,83,15.84699454,362,28.88601036,340,37.23849372,164,45.11278195,310,57.22543353,302,0.072489602,320,0.085561497,99,NULL,7.724301842,46,9.506833036,184
Albany,44.39252336,322,31.51125402,263,69.36170213,236,5.555555556,326,57.14285714,346,32.85714286,154,68.97689769,122,11.44859813,306,42.08389716,72,29.41176471,11,49.30555556,218,50.98039216,173,0.08064742,269,0.090728347,149,NULL,10.30494806,258,9.74489653,150
Alcorn St.,40.58252427,358,25.61576355,357,67.12328767,282,6.989247312,262,58.33333333,352,31.42857143,103,68.36734694,108,10.87378641,278,28.2729805,345,42.94478528,315,39.08045977,359,62.29508197,346,0.114169463,54,0.0777324,40,NULL,12.02423065,346,9.595093142,167
American,56.63716814,22,37.66816143,37,72.61146497,116,9.433962264,151,48.24797844,130,34,205,68.65671642,117,6.489675516,39,39.6797153,135,35.0262697,102,57.60869565,50,45.74898785,55,0.117642839,49,0.117642839,330,NULL,9.038413256,139,7.029876977,348
Appalachian St.,47.87234043,247,32.78008299,203,63.58695652,337,12.5,44,45.75,63,36.58536585,297,72.56097561,253,5.585106383,14,39.05996759,150,38.08049536,195,45.17374517,308,54.94505495,261,0.082981998,247,0.088335676,127,NULL,7.896674028,57,9.904303018,130
Arizona,62.47464503,1,37.19298246,48,73.31288344,99,9.792843691,131,45.38606403,53,33.53658537,181,67.43119266,75,6.693711968,46,36.63239075,213,38.18393481,198,65.2173913,8,48.71794872,130,0.080873433,266,0.114233724,320,NULL,7.581884351,41,8.28952689,286
Arizona St.,48.8172043,220,32.23684211,230,67.93103448,264,13.90041494,29,40.45643154,2,30.66666667,74,65.49019608,32,9.677419355,227,39.53185956,139,38.36317136,205,59.07692308,35,56.09756098,282,0.100333992,142,0.093790471,179,NULL,8.397518915,84,9.815281849,139
Arkansas,55.51537071,33,30,318,71.62629758,155,13.20754717,36,47.16981132,97,28.44827586,30,68.28193833,102,5.244122966,10,27.52293578,353,32.72214386,52,48.91891892,233,42.61168385,24,0.143831632,8,0.081434086,60,NULL,9.095235577,148,10.47009677,77
Arkansas Pine Bluff,41.15853659,357,28.28282828,339,72.11538462,140,8.070175439,204,57.19298246,347,36.04060914,282,74.2081448,297,12.19512195,327,37.64258555,187,40.87136929,280,49.7382199,210,64.52991453,352,0.099890992,143,0.125260133,356,NULL,10.30621346,259,9.989099197,120
Arkansas St.,49.10025707,206,31.12244898,280,63.63636364,336,9.677419355,138,43.5483871,20,37.38317757,326,72.9468599,266,8.997429306,175,33.5042735,280,36.51877133,146,53.96825397,113,54.95867769,262,0.099318956,148,0.08938706,139,NULL,10.78320091,289,8.087400681,304
Army,54.7008547,45,32.6848249,211,73.73737374,89,5.744125326,316,51.69712794,240,33.21299639,165,74.07407407,294,8.547008547,150,42.26973684,67,41.96969697,300,49.27536232,220,52.4137931,211,0.064984647,349,0.113073286,315,NULL,8.318034864,80,9.097850633,218
Auburn,52.04081633,108,29.69924812,322,67.11864407,283,17.08737864,4,44.66019417,44,26.18025751,5,65.8436214,40,8.163265306,123,35.18518519,246,31.14973262,26,55.68862275,82,43.9862543,42,0.124755044,31,0.110402694,303,NULL,9.273826281,170,8.169799343,294
Austin Peay,42.82051282,344,31.30434783,273,79.51807229,9,7.304785894,249,58.69017632,354,32.10526316,128,70.76923077,184,8.974358974,173,37.09677419,201,32.36797274,46,53.55648536,124,56.12244898,283,0.078976082,282,0.098373716,220,NULL,8.867489911,118,12.46990769,14
BYU,51.78197065,114,30.5785124,303,70.80291971,185,13.73737374,32,45.45454545,55,35.31353135,255,64.98316498,22,8.176100629,126,43.21428571,50,37.96992481,191,56.98324022,60,52.71084337,217,0.098911726,150,0.120456855,342,NULL,10.38083463,263,9.107713401,214
Ball St.,50.66666667,153,38.30845771,23,66.90391459,290,10.79136691,97,46.28297362,75,35.21126761,246,68.71794872,118,9.333333333,199,34.89583333,251,33.80952381,77,50.56179775,189,38.80597015,9,0.093999046,175,0.088549826,131,NULL,10.08105715,242,9.536135141,177
Baylor,56.43044619,25,36.2804878,71,71.65354331,153,9.756097561,134,47.07317073,93,33.47107438,180,67.82608696,86,6.299212598,34,46.26234133,25,37.11656442,161,62.5748503,15,61.31386861,336,0.124047492,33,0.109870636,301,NULL,8.624254238,100,11.69590643,27
Bellarmine,51.03448276,139,32.66932271,213,79.02097902,11,4.814814815,344,52.59259259,265,36.39455782,291,77.20930233,352,8.620689655,154,46.39556377,24,52.12765957,362,56.95652174,61,68.6746988,360,0.072777555,316,0.097521924,208,NULL,10.7710782,287,10.04330265,112
Belmont,50.34965035,163,41.71779141,2,69.41747573,234,7.96812749,215,50.79681275,207,35.90733591,273,67.33870968,73,11.42191142,305,43.17880795,51,34.03416557,82,55.96590909,77,46.55172414,70,0.105456842,104,0.085683684,101,NULL,9.337324582,179,9.557026337,173
Bethune Cookman,42.24489796,347,32.75862069,204,72.94117647,108,7.82122905,224,55.86592179,331,37.33333333,323,78.77358491,361,8.775510204,164,26.20481928,355,45.59270517,338,44.6969697,318,60.25641026,330,0.108318201,86,0.101946542,250,NULL,9.302621938,174,8.155723343,296
Binghamton,51.3064133,131,28.71287129,336,68.13186813,259,9.186351706,159,53.2808399,281,37.60683761,331,76.23318386,338,9.501187648,210,32.42375602,302,38.04878049,194,39.41605839,357,46.73539519,73,0.059587851,356,0.117851527,333,NULL,9.93130845,227,10.46097823,78
Boise St.,48.22222222,241,33.57142857,164,73.30677291,100,8.874458874,178,43.29004329,17,28.84615385,35,71.4953271,211,7.333333333,75,38.35616438,165,36.01108033,132,44.69453376,319,43.27272727,33,0.080504571,272,0.081638438,62,NULL,9.184324286,160,10.31819148,88
Boston College,47.71863118,252,26.63755459,352,67.11111111,284,11.91011236,61,48.31460674,132,35.78947368,268,67.67676768,80,7.224334601,68,30.33112583,322,39.04109589,228,40.38461538,355,48.26498423,115,0.105148607,109,0.098364826,219,NULL,8.25360035,77,10.06260865,110
Boston University,43.60730594,332,32.97101449,188,75,55,6.467661692,287,48.25870647,131,32.80632411,151,69.53125,143,13.92694064,353,38.65546218,158,38.6259542,211,46.09929078,297,47.6534296,98,0.102214651,131,0.085178876,96,NULL,7.422730591,36,8.76125578,250
Bowling Green,47.55244755,256,30.68181818,297,71.79487179,149,8.457711443,190,51.24378109,226,36.9047619,308,70.25641026,161,11.88811189,319,38.0952381,173,38.53211009,209,51.22807018,169,48.16053512,112,0.08816483,214,0.095831337,193,NULL,7.155406485,24,8.049832295,306
Bradley,50.95238095,142,34.98349835,108,66.12021858,306,12.52955083,43,42.08037825,9,33.08823529,162,74.01960784,293,9.523809524,211,41.90871369,81,39.13669065,232,52.5,144,52.6119403,215,0.117726833,48,0.117726833,331,NULL,9.695150982,211,9.118058661,213
Brown,49.39759036,199,33.33333333,174,56.39810427,363,8.539325843,189,49.43820225,163,32.6848249,148,74.43181818,301,11.08433735,289,41.95804196,79,36.60968661,151,60.6557377,26,51.97368421,195,0.105632303,102,0.113583122,318,NULL,9.086649724,147,10.22248094,95
Bryant,50.61124694,157,34.16370107,131,74.00881057,78,9.844559585,127,52.07253886,250,35.93220339,277,65.33333333,30,8.068459658,113,40.72463768,108,43.31864905,321,53.13531353,135,56.02605863,281,0.08608836,228,0.090871047,151,NULL,9.326239015,177,10.28277635,92
Bucknell,52.81173594,86,37.39130435,44,70.05347594,212,8.653846154,183,45.43269231,54,34.33333333,212,68.58638743,116,11.49144254,307,35.99374022,227,41.89944134,297,56.29139073,73,57.53424658,308,0.071225516,327,0.117459623,328,NULL,9.121864359,152,8.372122083,283
Buffalo,51.50753769,123,29.14572864,332,71.1627907,171,7.712082262,228,53.72750643,292,31.27962085,99,72.265625,238,8.291457286,131,33.33333333,285,35.16666667,106,46.76806084,283,50.90909091,171,0.108199047,87,0.095004041,187,NULL,10.95185472,293,8.972603869,233
Butler,54.24710425,52,33.45724907,170,73.86934673,84,12.12653779,53,48.50615114,137,31.11111111,87,70.96774194,190,8.494208494,141,34.18043202,262,32.18116806,45,50.13477089,197,51.11111111,175,0.105419722,106,0.097069645,205,NULL,8.036949091,64,9.393836599,200
Cal Baptist,47.22222222,269,31.39158576,271,63.09012876,339,11.32075472,76,48.84696017,143,27.88844622,24,72.54901961,251,7.638888889,91,41.70040486,85,34.47802198,90,54.15282392,108,46.86468647,78,0.067380161,341,0.09758506,211,NULL,9.061469875,145,9.990851401,119
Cal Poly,47.14285714,271,30.43478261,306,76.88172043,29,6.927710843,267,51.5060241,235,33.92070485,200,69.11764706,131,10.57142857,263,37.16337522,198,40.60822898,273,41.22807018,351,51.20967742,179,0.083083964,246,0.084492167,89,NULL,12.2513642,348,11.68808308,28
Cal St. Bakersfield,41.34615385,355,29.00763359,334,70.42253521,198,10.34482759,108,46.20689655,72,34.22222222,210,69,124,8.413461538,138,23.9488117,362,43.68932039,329,44.76190476,315,59.71563981,323,0.091884827,195,0.091884827,156,NULL,11.56481445,325,10.45585964,79
Cal St. Fullerton,44.59459459,319,34.5,117,64.03940887,332,7.8125,225,53.125,279,32.46753247,138,69.12442396,133,11.35135135,301,35.0877193,248,41.92377495,298,45.2991453,307,50.6122449,163,0.083302886,243,0.083302886,73,NULL,8.914870296,124,10.66861527,66
Cal St. Northridge,44.97354497,314,30.33707865,310,69.63350785,221,9.477124183,147,51.30718954,230,31.77570093,114,75.6302521,326,5.82010582,19,32.01438849,304,41.15384615,283,38.83928571,360,50.66666667,165,0.089476977,208,0.07127827,13,NULL,11.37419196,313,8.341074103,284
California,46.69421488,276,26.00896861,356,74.4,67,10.02087683,121,50.73068894,202,30.54545455,69,73.98373984,290,9.710743802,230,31.5417256,310,36.47214854,144,46.12676056,296,53.51681957,233,0.071444519,325,0.090421969,146,NULL,12.61442286,354,9.711989283,157
Campbell,54.92957746,40,32.72727273,208,68.71794872,250,8.069164265,205,55.3314121,322,34.72803347,223,71.28205128,203,9.295774648,195,38.26086957,169,40.78498294,278,52.43445693,147,49.81818182,148,0.107831428,91,0.101006654,242,NULL,9.145197065,156,8.462719672,280
Canisius,43.15789474,340,33.71212121,156,72.18543046,138,6.26450116,295,53.5962877,287,41.37931034,361,71.19565217,198,14.21052632,356,40.99378882,102,28.76033058,9,54.94071146,98,51.48514851,188,0.063662313,352,0.109333103,299,NULL,8.165383617,71,11.90208459,22
Central Arkansas,45.91611479,293,31.49847095,264,73.93939394,82,8.183632735,199,54.89021956,316,34.92063492,233,72.38493724,242,8.609271523,153,41.92307692,80,33.46613546,66,45.01607717,312,49.31129477,144,0.075753293,306,0.105150093,273,NULL,8.819040081,113,8.592910849,267
Central Connecticut,46.76524954,275,32.57142857,216,70.70063694,188,11.22244489,77,54.70941884,312,37.24340176,321,73.59307359,283,8.502772643,143,39.28170595,146,40.5952381,271,51.22615804,170,60.25,329,0.108065236,89,0.10905666,295,NULL,7.534823774,38,7.633966192,330
Central Michigan,48.52216749,232,28.39506173,338,76.87861272,30,9.473684211,148,51.84210526,242,32.38866397,137,64.37246964,16,10.591133,264,37.4422188,191,39.39393939,241,48.87218045,235,55.59566787,278,0.081055002,263,0.099067224,227,NULL,11.06465101,298,13.12319074,6
Charleston,53.73831776,65,32.80839895,201,74.62686567,61,9.003831418,168,50.76628352,206,32.54901961,141,66.50485437,54,9.345794393,201,47.09517923,17,32.81853282,53,43.94366197,323,43.67816092,38,0.102720488,128,0.085600407,100,NULL,8.988042693,133,8.453040152,281
Charleston Southern,48.70317003,227,33.05785124,185,72.90322581,111,7.277628032,251,54.98652291,318,37.20930233,319,73.01587302,267,8.357348703,135,41.08658744,98,36.6894198,152,46.58634538,288,50.35211268,157,0.059683677,355,0.089525515,142,NULL,10.74306177,285,9.400179051,199
Charlotte,54.58823529,48,38.0952381,27,74.01129944,77,10.34482759,108,43.59605911,22,36.46209386,293,72.6744186,256,8.941176471,172,39.11174785,148,40.55636896,270,56.8452381,63,47.84172662,106,0.108776118,81,0.080977776,58,NULL,8.822951761,114,9.185538819,208
Chattanooga,49.64028777,190,38.23529412,26,71.77033493,150,11.61616162,69,49.49494949,165,36.74242424,303,78.94736842,362,12.94964029,341,55.01618123,1,40,256,63.43283582,12,47.44027304,93,0.089917355,207,0.108429752,293,NULL,10.04958678,238,6.214876033,361
Chicago St.,46.31782946,284,32.58426966,215,74.74048443,59,8.207705193,198,52.59631491,266,32.9153605,156,69.78851964,150,10.85271318,275,40.82568807,106,34.82532751,101,47.88732394,261,52.2673031,205,0.082804046,251,0.109150788,297,NULL,10.72688779,283,8.844977652,242
Cincinnati,54,60,34.14634146,132,70.3539823,201,10.95890411,92,48.53228963,139,31.640625,107,75.32467532,316,6.2,32,39.61352657,137,33.3767927,63,51.57068063,159,54.10334347,251,0.091198047,198,0.072958438,17,NULL,7.832302885,51,9.763555651,148
Clemson,52.79642058,87,39.43661972,11,76.95652174,27,8.353221957,192,47.01670644,91,32.58064516,144,73.24561404,273,7.382550336,78,38.85088919,153,42.52400549,310,60.34482759,29,46.97986577,83,0.08284123,249,0.078363326,45,NULL,8.619965856,99,10.29917998,89
Cleveland St.,50,175,28.28282828,339,69.11764706,240,7.600950119,237,48.93111639,147,29.96254682,55,71.98067633,229,7.489878543,82,28.61271676,343,38.80813953,219,49.8349835,205,53.84615385,240,0.093756522,182,0.092472186,163,NULL,7.577581917,40,10.14625375,103
Coastal Carolina,48.86363636,217,27.5862069,345,81.00558659,5,11.33333333,75,50.66666667,199,36.7816092,306,72.44094488,244,6.534090909,41,33.07984791,291,46.52406417,347,41.36363636,349,55.24193548,267,0.079849882,278,0.102207849,254,NULL,8.943186809,130,8.783487044,248
Colgate,56.27906977,26,40.4494382,5,68.98395722,243,5.088495575,337,55.30973451,320,37.93103448,336,65.06024096,24,10.93023256,281,38.30703013,167,36.6058906,150,58,47,49.28366762,142,0.093881174,178,0.104713617,269,NULL,6.860547339,17,8.665954534,258
Colorado,52.56637168,93,32.98969072,187,65.24822695,321,10.98484848,87,46.02272727,69,33.67346939,190,70.45454545,169,9.380530973,204,33.9953271,268,35.76642336,126,49.87277354,204,42.98245614,30,0.11229591,63,0.108355702,291,NULL,7.781909523,50,7.880414707,320
Colorado St.,57.10955711,19,35.12544803,104,70.30567686,205,6.537530266,282,49.39467312,160,35.82554517,269,71.64179104,218,7.692307692,95,39.40677966,144,43.73297003,330,61.2244898,20,43.88714734,40,0.09421001,174,0.088602271,132,NULL,6.953595962,19,10.65470349,67
Columbia,45.16853933,308,29.65517241,323,70.86956522,181,4.8,345,50.8,208,33.33333333,167,68.27956989,101,13.03370787,343,39.45578231,141,37.96526055,190,46.68989547,285,58.70786517,316,0.092562343,189,0.111074812,305,NULL,11.86975934,344,9.800718719,144
Connecticut,56.87103594,20,36.68478261,61,75.69444444,41,12.89134438,38,42.72559853,15,26.53061224,7,71.72413793,222,6.976744186,55,43.75743163,42,26.52232747,6,65.0990099,9,35.56338028,5,0.111024198,71,0.086800737,108,NULL,8.881935858,120,11.90986854,21
Coppin St.,52.95238095,80,34.31372549,124,71.38461538,162,6.15640599,303,56.73876872,341,34.83146067,228,71.34502924,205,10.85714286,276,43.72990354,43,42.54302103,311,41.38755981,348,57.25806452,303,0.111578317,68,0.101660244,248,NULL,9.256867749,167,7.025301416,349
Cornell,60.10781671,5,35.69321534,91,65.75342466,314,6.161137441,302,54.02843602,300,34.93975904,234,71.1409396,197,10.51212938,260,47.74647887,13,37.10879285,160,62.20930233,16,56.50793651,291,0.140495214,9,0.092397753,162,NULL,6.961474567,20,7.088046832,346
Creighton,55.2742616,35,35.93314763,85,70.56277056,191,9.744408946,135,47.28434505,100,33.33333333,167,67.85714286,87,7.172995781,63,43.0972389,54,29.66292135,13,58.56777494,42,48.17708333,113,0.080231669,274,0.084243252,85,NULL,8.324035653,81,7.62200855,331
Dartmouth,47.25848564,268,30.10033445,315,66.4921466,299,10.17964072,115,49.30139721,156,32.27272727,135,70.38834951,165,10.70496084,269,43.84164223,41,30.51317614,21,53.13653137,134,40.88050314,15,0.067233829,343,0.12267225,349,NULL,9.318372823,175,9.908143255,129
Davidson,50.89686099,147,32.45614035,221,73.01587302,106,4.282655246,357,50.74946467,205,28.62190813,33,66.4921466,52,10.98654709,283,33.82789318,273,37.73333333,178,55.48172757,88,45.28301887,52,0.078880141,284,0.100392907,238,NULL,7.290437277,29,8.844137024,243
Dayton,54.14012739,57,29.62962963,324,68.86446886,248,14.28571429,24,44.48979592,41,27.43902439,15,66.47727273,51,7.218683652,67,36.43724696,218,40.09779951,261,61.19402985,21,46.75324675,74,0.071845532,324,0.106679729,285,NULL,11.21225728,304,9.797118014,145
DePaul,45.10204082,309,36.28571429,70,79.35222672,10,9.357798165,154,50.27522936,186,35.13513514,243,69.12280702,132,8.775510204,164,41.66666667,86,35.19619501,107,53.73563218,119,51.58730159,190,0.097381627,163,0.102350077,255,NULL,8.446365579,89,9.738162667,151
Delaware,52.30769231,102,31.54121864,260,71.9844358,143,9.542743539,144,51.68986083,239,37.78625954,333,72.2513089,237,8.131868132,119,38.01089918,176,34.24836601,85,50.9202454,179,55.15320334,264,0.092265634,193,0.086570224,106,NULL,6.60667502,9,7.9735733,313
Delaware St.,42.88990826,343,33.13253012,180,67.1875,280,8.656716418,182,52.23880597,253,38.19444444,341,68.42105263,110,7.110091743,58,27.57475083,352,46.22792937,345,46.28099174,293,64.9122807,354,0.078692083,285,0.139746286,362,NULL,10.98975646,294,8.683264365,255
Denver,55.55555556,32,33.90804598,147,71.29337539,166,7.450980392,244,53.92156863,296,31.27147766,98,75.12690355,312,8.382066277,137,25.32751092,359,36.32958801,139,43.60465116,330,52.45901639,212,0.072662202,319,0.098690454,223,NULL,11.49581108,318,9.652143264,162
Detroit Mercy,43.59550562,333,37.64705882,38,74.54545455,63,5.797101449,315,50.93167702,214,36.21794872,287,77.38693467,355,7.865168539,106,43.31210191,49,39.24528302,236,44.72049689,316,52.36768802,210,0.085440058,231,0.103427439,260,NULL,8.881269235,119,8.656426975,259
Drake,52.4122807,100,31.89964158,246,77.6371308,22,7.52688172,241,47.74193548,119,30.46594982,66,73.18181818,271,6.578947368,44,37.95918367,180,37.5,172,47.86585366,262,41.36807818,18,0.080972783,265,0.076535918,36,NULL,8.651886361,102,11.20308362,45
Drexel,47.47474747,260,33.22147651,178,67.74193548,268,7.643312102,234,48.19532909,128,31.37254902,101,70.46979866,171,10.35353535,256,42.93948127,56,30.22222222,16,49.12891986,225,43.9862543,42,0.087832601,219,0.082665978,68,NULL,9.04159132,142,9.816584862,138
Duke,50.90180361,146,31.42857143,269,77.87610619,19,11.86440678,62,47.24576271,98,27.84313725,23,77.3006135,353,9.018036072,180,35.94351733,231,35.07565337,103,54.38596491,107,48.97959184,138,0.102101492,132,0.081217096,59,NULL,9.862075967,221,9.746051544,149
Duquesne,49.72375691,187,36.11940299,77,68.34862385,254,10.96654275,91,47.76951673,120,36.16236162,285,71.65354331,219,8.103130755,117,38.15489749,170,33.49814586,69,53.96419437,114,53.23943662,226,0.109936132,76,0.084807874,91,NULL,9.004292744,136,9.527798136,179
East Carolina,49.13043478,203,31.97674419,241,66.56441718,295,6.691449814,279,47.58364312,115,31.20300752,96,68.23104693,99,9.565217391,217,42.78606965,59,33.08457711,59,56.8452381,63,44.83775811,48,0.096301953,165,0.093195439,173,NULL,9.423094347,185,8.284038987,287
East Tennessee St.,52.47747748,98,31.22362869,276,66.99507389,287,9.6,142,54.66666667,309,32.1192053,130,73.84615385,288,7.207207207,65,34.80176211,253,44.60856721,336,50.81433225,182,54.30463576,254,0.097856335,159,0.11987401,338,NULL,8.317788447,79,9.663313049,161
Eastern Illinois,45.99156118,291,27.13567839,350,60.61776062,355,7.888040712,220,51.39949109,234,34.23728814,211,66.80497925,60,10.54852321,261,29.56909361,333,42.87790698,314,50,198,58.08580858,311,0.117194436,50,0.09233501,160,NULL,10.18052678,251,10.41728322,82
Eastern Kentucky,42.67352185,345,31.87772926,247,58.52272727,361,11.78082192,65,51.23287671,225,34.7826087,225,70.05649718,156,10.28277635,251,37.05501618,203,38.65546218,215,48.9539749,232,56.92883895,296,0.106991395,94,0.111214739,306,NULL,7.883576469,55,9.572914284,171
Eastern Michigan,48.90350877,215,35.57692308,92,75.36231884,50,6.133333333,304,61.06666667,361,34.73282443,224,68.32061069,105,7.236842105,70,31.3253012,314,41.13029827,282,37.37373737,363,43.4375,36,0.091836895,196,0.095611014,190,NULL,6.793414162,13,7.925649856,318
Eastern Washington,52.79069767,88,31.81818182,249,72.24880383,134,9.345794393,155,50.46728972,190,33.8658147,197,75.75757576,331,8.139534884,121,41.73441734,84,42.24021592,306,53.84615385,116,50.93167702,172,0.080485116,273,0.100330761,237,NULL,11.24586549,305,10.58434399,71
Elon,50,175,27.33564014,348,68.29268293,255,3.778337531,362,56.17128463,337,35.21594684,247,69.12442396,133,11.8556701,318,42.68833087,60,43.12320917,319,50.54945055,190,56.23100304,286,0.103064658,123,0.082451726,67,NULL,9.215192943,162,8.123920095,299
Evansville,43.40659341,338,29.28571429,330,64.22413793,331,7.013574661,260,50.45248869,189,38.05031447,339,76.74418605,344,7.142857143,61,33.89830508,271,41.84210526,295,46.39498433,290,56.97674419,298,0.091156286,199,0.081833484,63,NULL,9.115628642,151,9.944322155,125
FIU,57.63157895,12,28.89908257,335,65.83850932,311,10.58495822,102,49.5821727,166,37.98449612,337,76.10062893,336,8.157894737,122,36.4548495,217,41.81523501,294,46.09929078,297,53.98550725,246,0.133774834,17,0.117880795,334,NULL,10.46357616,268,9.801324503,143
Fairfield,48.31804281,239,27.57201646,346,70.24793388,206,8.02919708,209,49.8783455,178,32.98429319,158,69.27083333,139,9.785932722,237,42.63157895,61,31.72757475,42,40.44444444,354,42.91044776,28,0.072719645,317,0.099290284,230,NULL,9.789182953,219,10.62825578,68
Fairleigh Dickinson,51.21495327,136,30.97345133,286,73.85892116,85,5.726872247,318,60.35242291,359,34.59302326,217,74.45255474,303,9.719626168,231,38.78718535,155,43.10776942,318,48.02110818,254,55.97964377,280,0.104653336,113,0.080732573,55,NULL,9.269295459,169,10.86401296,59
Florida,50.48732943,159,34.11764706,133,74.90494297,57,14.80769231,18,44.03846154,30,34.97942387,238,69.68325792,147,8.771929825,163,33.203125,289,31.84796855,43,45.66473988,305,49.04458599,140,0.091649146,197,0.097040272,204,NULL,6.469351448,7,9.811849695,140
Florida A&M,39.93993994,360,31.29251701,274,70.53571429,194,6.811145511,276,59.13312693,357,35.8974359,272,66.4921466,52,14.11411411,355,30.625,319,37.64478764,175,43.01675978,332,54.78927203,258,0.087464158,221,0.13862244,361,NULL,11.55186996,324,9.736576108,152
Florida Atlantic,54.08163265,58,37.45454545,42,66.66666667,291,6.19266055,300,44.49541284,42,27.63819095,19,70.52023121,173,6.37755102,36,41.22938531,94,31.33858268,29,53.33333333,131,35.34136546,4,0.095015011,171,0.093695358,177,NULL,7.653987001,44,9.765431691,147
Florida Gulf Coast,50.27173913,167,34.00673401,140,74.66063348,60,10.28708134,111,47.6076555,116,33.46153846,178,63.87665198,11,10.59782609,266,44.66165414,31,38.3480826,204,49.65034965,212,50.6993007,166,0.094828676,172,0.099886206,236,NULL,8.597799975,96,8.092047035,302
Florida St.,46.09800363,287,34.50980392,116,73.07692308,104,11.11111111,80,48.77589454,141,33.76205788,193,72.72727273,258,7.259528131,71,31.63771712,308,36.93586698,155,54.09356725,110,57.14285714,300,0.090493084,202,0.070954805,12,NULL,11.31163556,309,9.049308448,223
Fordham,51.38248848,128,33.72093023,155,76.05177994,39,14.86013986,16,44.23076923,36,32.30769231,136,74.78991597,310,6.912442396,52,44.2159383,37,31.25,28,54.86725664,101,47.47774481,94,0.098811024,153,0.088830112,134,NULL,11.47804823,317,9.082629471,221
Fresno St.,51.42045455,127,28.08510638,342,72.60273973,117,11.14285714,79,46.28571429,76,31.1965812,95,75.14124294,313,9.375,203,40.03407155,123,40.06849315,259,50.60728745,188,47.65957447,99,0.0933623,184,0.091925957,158,NULL,10.34167011,261,10.1980358,96
Furman,60.79545455,3,34.08360129,139,70.37037037,200,9.462915601,150,53.45268542,286,37.17948718,317,67.21311475,72,9.090909091,183,46.90799397,21,37.44,169,64.375,11,50,152,0.105875787,99,0.09439528,183,NULL,9.439528024,187,9.184405645,209
Gardner Webb,50.99502488,141,29.61165049,325,66.31016043,302,16.43835616,6,44.10958904,32,34.88372093,232,73.19148936,272,9.2039801,191,33.88157895,272,37.06896552,158,42.48120301,337,52.11864407,202,0.105583214,103,0.097564235,210,NULL,12.16211701,347,10.15737245,102
George Mason,53.38164251,71,37.62376238,40,63.47826087,338,10.24096386,112,47.99196787,122,27.79783394,22,67.08333333,65,9.661835749,226,42.25941423,70,35.74193548,125,59.10447761,34,39.55696203,11,0.058222533,359,0.10636809,282,NULL,10.52484255,274,10.18894332,99
George Washington,58.7628866,10,30.9352518,287,74.00881057,78,9.026128266,167,53.68171021,289,32.5732899,143,63.33333333,9,5.927835052,23,41.74174174,83,42.17032967,305,47.4522293,270,56.44171779,290,0.082658441,252,0.09602966,196,NULL,8.022731071,63,8.630513728,263
Georgetown,49.83606557,183,33.6,163,71.26865672,167,12.6984127,42,50.99206349,217,35.97883598,279,75.46296296,320,6.06557377,28,29.06976744,339,42.85714286,313,42.26804124,340,59.54198473,319,0.088092497,217,0.116121928,325,NULL,6.306621953,4,8.709144602,252
Georgia,49.35622318,201,33.94833948,144,73.74517375,88,9.183673469,160,48.36734694,134,29.10447761,39,72.51461988,248,9.442060086,207,36.77069199,211,35.35620053,111,51.55279503,161,50.47619048,160,0.10139417,136,0.093507957,175,NULL,11.71665963,334,8.787494719,247
Georgia Southern,50.59382423,158,26.85185185,351,70.54794521,193,7.871720117,221,51.02040816,219,34.86238532,230,70,152,5.700712589,17,33.90894819,270,38.85918004,222,37.63837638,362,50.59760956,162,0.112629627,61,0.07417073,25,NULL,8.653251837,104,9.614724263,165
Georgia St.,45.45454545,303,25.14619883,360,75.56818182,45,8.967391304,170,45.65217391,61,35.91160221,274,67.53926702,78,11.05651106,287,29.58477509,332,32.96903461,56,42.10526316,343,51.07296137,174,0.07950969,280,0.09717851,206,NULL,10.15957153,249,12.0736937,18
Georgia Tech,48.7804878,222,31.53153153,261,70.55555556,192,12.11453744,54,48.89867841,146,27.14285714,11,64.51612903,17,8.203991131,128,32.98662704,294,31.62650602,38,47.93103448,258,55.19713262,266,0.097395653,162,0.067124031,6,NULL,7.765329122,49,8.028560617,308
Gonzaga,56.73624288,21,36.57587549,64,72.18045113,139,8.333333333,193,51.66666667,238,31.93548387,124,74.43946188,302,5.69259962,16,32.78061224,296,39.24050633,235,51.14503817,173,45.53314121,53,0.09803534,157,0.082223189,66,NULL,9.065633606,146,8.538561885,273
Grambling St.,45.94594595,292,32.05128205,236,61.40350877,352,13.81818182,30,46.54545455,79,31.17870722,94,66.07929515,43,8.845208845,169,27.70870337,350,48.88475836,358,53.16455696,133,61.42857143,340,0.111914538,64,0.111914538,309,NULL,10.61007958,278,11.04611024,55
Grand Canyon,45.52058111,302,31.98529412,240,70.45454545,197,6.753812636,278,44.44444444,40,29.28870293,40,70.11494253,158,9.685230024,228,39.7080292,134,34.24068768,84,49.81818182,206,40.51094891,13,0.083378764,241,0.075682263,31,NULL,9.235801559,166,8.722701472,251
Green Bay,48.98419865,211,25.19379845,359,70.47244094,196,7.385229541,245,55.48902196,325,35.64013841,264,75.51020408,321,11.51241535,308,36.80456491,210,36.58227848,148,49.29078014,219,48.55643045,126,0.078199274,288,0.104979848,271,NULL,11.99769687,345,10.39086247,84
Hampton,40.27459954,359,33.92857143,145,64.68401487,328,9.803921569,129,50.54466231,194,39.57597173,354,68.11023622,94,11.8993135,320,39.05160391,151,38.14016173,197,49.81549815,207,58.13953488,312,0.054669439,362,0.091891185,157,NULL,8.374892769,82,9.538072321,176
Hartford,44.89795918,317,27.80082988,343,70.3125,204,10.8490566,94,52.83018868,272,38.27586207,344,72.06703911,232,8.673469388,155,38.07266983,174,40.6162465,275,51.02880658,176,59.70149254,320,0.082806779,250,0.108761143,294,NULL,11.24689088,306,9.145823356,211
Harvard,55.73770492,31,24.79338843,362,66.1971831,305,11.11111111,80,49.33333333,158,28.515625,32,72.90322581,264,9.133489461,186,36.17339312,224,36.26062323,137,52.68456376,142,43.05084746,31,0.110921502,72,0.101170161,244,NULL,10.84836665,291,7.191613847,341
Hawaii,50.25773196,168,32.7510917,206,69.47368421,228,8.908685969,174,44.76614699,47,27.48538012,17,74.69879518,306,11.34020619,298,37.11507293,200,27.58064516,8,48.14814815,249,29.03225806,1,0.077289352,293,0.084190187,84,NULL,9.661169001,207,10.7653026,63
High Point,50.23041475,169,32.91666667,194,64.94464945,324,10.09174312,119,48.85321101,144,28.8590604,37,70.20408163,159,8.064516129,112,35.60830861,241,40.59945504,272,42.42424242,338,55.18394649,265,0.069338848,334,0.086369442,103,NULL,9.975062344,234,8.515297123,274
Hofstra,51.59090909,119,37.16216216,49,76.16580311,36,8.785046729,180,49.71962617,170,35.03649635,239,71.21212121,200,11.13636364,290,40.2173913,116,33.86897404,80,48.36795252,243,50.27624309,155,0.080719844,267,0.084037098,79,NULL,9.177735698,159,8.846010311,241
Holy Cross,45.18348624,306,31.93717277,243,67.08860759,285,5.154639175,336,56.44329897,339,31.66666667,110,69.66824645,146,9.403669725,205,30.46251994,321,38.21656051,199,43.79844961,328,49.49152542,147,0.104134056,117,0.113361124,316,NULL,8.436176698,88,7.645285133,329
Houston,55.12820513,36,34.44816054,120,70.09803922,210,19.02313625,1,40.61696658,3,23.72372372,2,66.8202765,61,6.95970696,54,35.38461538,243,46.12188366,343,51.73267327,155,51.47679325,186,0.134148201,16,0.087584362,116,NULL,7.317174573,30,11.08662814,52
Houston Christian,47.88732394,246,35.9832636,82,67.42857143,273,6.483790524,285,67.58104738,363,34.97536946,237,72.47706422,246,11.83098592,315,40.23569024,115,33.60927152,73,55.078125,97,54.97076023,263,0.081623095,259,0.116413267,327,NULL,11.50751836,320,9.901818121,131
Howard,47.35849057,264,31.57894737,256,71.04072398,175,8.260869565,196,53.04347826,278,36.87315634,307,69.54887218,145,8.301886792,133,33.41708543,283,42.42803504,309,48.35820896,245,53.9295393,245,0.103799626,120,0.126187781,357,NULL,10.27819826,257,9.464083549,191
IUPUI,48.41849148,237,27.52808989,347,69.82248521,216,6.811989101,275,55.58583106,328,37.77777778,332,77.02702703,349,9.00243309,177,30.22071307,324,38.00675676,192,39.11290323,358,53.28719723,228,0.090381963,205,0.12228148,347,NULL,11.43066009,315,12.09523335,17
Idaho,57.44680851,16,32.93650794,192,77.9342723,18,3.982300885,361,50,181,40.30612245,358,70.53941909,174,8.776595745,166,40.12738854,121,30.24691358,17,46.15384615,295,43.27868852,34,0.072470559,321,0.089963452,143,NULL,9.621091432,203,10.37078687,86
Idaho St.,48.80636605,221,33.88157895,149,72.06703911,141,6.485355649,284,50.83682008,210,30.62200957,71,77.16894977,350,9.549071618,213,44.64023495,32,30.42212518,20,49.12891986,225,46.57980456,71,0.08826819,213,0.093104803,172,NULL,9.552310994,196,9.794141652,146
Illinois,58.05687204,11,32.96089385,190,65.76923077,313,15.09803922,13,42.54901961,13,32.65306122,147,70.64220183,179,7.819905213,101,45.8974359,27,32.45033113,48,51.23966942,168,49.83164983,149,0.11382676,56,0.109571554,300,NULL,10.1061142,245,11.48905614,34
Illinois Chicago,48.34605598,238,33.76623377,152,67.15328467,281,12.45059289,45,49.40711462,161,29.7188755,47,71.30434783,204,12.97709924,342,43.93723252,40,32.98013245,57,55.78231293,80,50,152,0.100641451,140,0.091793851,153,NULL,9.9535501,228,11.72307012,25
Illinois St.,50,175,32.79220779,202,78.83817427,13,10.64638783,99,48.85931559,145,32.83018868,152,71.20622568,199,11.81818182,314,41.17647059,96,33.50189633,70,46.72897196,284,47.96511628,109,0.08519587,232,0.093823299,180,NULL,12.29408751,350,7.872529724,321
Incarnate Word,43.76657825,330,32.27513228,226,71.91780822,145,6.552706553,281,54.7008547,311,36.19047619,286,65.16853933,27,10.87533156,279,33.39222615,284,37.43315508,168,50,198,59.70149254,320,0.120124466,41,0.11144077,307,NULL,11.57826181,327,9.407337723,196
Indiana,57.5815739,14,36.50793651,66,69.62025316,223,15.57894737,9,44.21052632,35,32.54237288,140,68.44660194,111,6.909788868,51,32.60025873,300,38.31168831,202,57.39795918,54,49.34640523,145,0.101215392,137,0.095831595,194,NULL,7.860344294,53,10.01386328,117
Indiana St.,58.91089109,9,34.5646438,115,74.26160338,71,5.241935484,333,47.58064516,114,33.58208955,186,70.4797048,172,10.89108911,280,48.40357599,12,35.07853403,104,55.55555556,86,34.35582822,2,0.098839931,151,0.084274047,86,NULL,8.947614836,131,9.467825001,190
Iona,52.38095238,101,34.48275862,118,76.16580311,36,15.04065041,14,47.15447154,95,30.4526749,64,70.03745318,154,6.878306878,48,31.52173913,311,33.06122449,58,53.48837209,127,53.92156863,244,0.108398175,84,0.070834451,11,NULL,8.907968876,123,11.69841696,26
Iowa,51.99240987,110,32.03883495,237,71.52542373,159,8.571428571,187,50,181,30.74074074,78,72.2972973,240,7.969639469,107,36.96172249,207,32.53012048,49,58.71313673,41,48.48484848,123,0.095469191,169,0.082739966,70,NULL,5.728151478,1,9.54691913,174
Iowa St.,52.87356322,83,32.55813953,217,67.90123457,265,8.888888889,175,45.92592593,66,30.73929961,77,73.05699482,269,3.908045977,2,33.07692308,292,48.76660342,357,60.66666667,24,55.66502463,279,0.163004126,2,0.10507704,272,NULL,8.486991665,92,14.68384272,1
Jackson St.,45.80152672,295,32,239,64.97175141,323,6.175771971,301,58.43230404,353,38.27160494,343,75.72463768,329,11.83206107,316,34.41802253,258,43.48993289,325,52.74390244,141,59.72972973,324,0.10168549,135,0.118633072,337,NULL,12.71068624,355,7.732334132,326
Jacksonville,48.7394958,225,33.72781065,154,77.65957447,20,8.73015873,181,51.58730159,237,28.5046729,31,65.74074074,38,11.34453782,300,41.52334152,89,45.92274678,341,60.11560694,31,52.35602094,208,0.090913583,200,0.112653787,313,NULL,10.67246405,281,6.12678492,362
Jacksonville St.,46.47058824,281,36.88888889,57,71.95121951,144,8.223684211,197,50.98684211,216,36.72727273,300,76.50273224,342,8.823529412,167,39.82300885,130,47.49568221,353,48.13278008,250,58.203125,313,0.076144455,303,0.101037834,243,NULL,9.957351784,230,9.518056852,181
James Madison,53.71179039,67,37.71186441,35,68.63468635,252,6.068601583,307,50.92348285,213,30.48327138,67,66.36363636,47,8.296943231,132,34.00576369,267,41.51234568,288,42.08955224,344,45.81818182,56,0.13613226,14,0.098578533,221,NULL,9.623142484,204,11.14876263,49
Kansas,54.52716298,49,35.85657371,87,69.43005181,232,12.09302326,55,45.11627907,50,29.58801498,43,69.01408451,125,7.444668008,80,33.55614973,278,38.30703013,201,60.66481994,25,46.15384615,60,0.137141529,12,0.080192928,53,NULL,9.297730773,172,8.949065869,236
Kansas St.,53.59477124,69,34.17721519,130,71.55172414,158,8.937198068,172,46.85990338,88,31.1627907,93,65.27777778,28,8.71459695,159,34.05172414,266,34.18124006,83,67.58409786,4,51.72413793,191,0.114196418,53,0.086548864,105,NULL,11.05902152,297,12.98232961,8
Kennesaw St.,43.03030303,341,39.53488372,9,62.1761658,348,7.288629738,250,53.93586006,297,36.47058824,295,70.08928571,157,12.12121212,325,39.44954128,142,33.13840156,60,57.26872247,56,46.15384615,60,0.104721561,112,0.101812628,249,NULL,9.744923004,214,10.18126284,100
Kent St.,49.12718204,204,32.83018868,200,75.84269663,40,9.809264305,128,43.05177112,16,30.45454545,65,67.91666667,89,7.980049875,109,39.78978979,131,37.47870528,171,46.83098592,282,51.11111111,175,0.138372507,11,0.085351266,97,NULL,8.923086871,127,11.25084866,43
Kentucky,49.49494949,196,39.453125,10,66.07142857,307,12.25806452,46,44.08602151,31,33.87755102,198,71.875,226,5.050505051,9,34.08788282,264,34.50704225,92,61.84971098,19,46.875,79,0.110740653,73,0.083353179,74,NULL,9.407001667,184,7.73993808,325
LIU,43.49775785,336,30.58823529,302,61.43497758,351,7.792207792,226,58.87445887,355,35.43307087,262,67.41071429,74,10.31390135,254,27.5974026,351,35.47486034,113,49.18699187,222,58.56353591,314,0.073880066,314,0.12353716,353,NULL,11.62702678,330,9.931418709,127
LSU,52.15517241,105,35.03649635,106,68.90756303,246,8.928571429,173,50.66964286,200,27.5862069,18,67.70833333,81,6.896551724,50,37.12737127,199,39.29539295,238,52.95857988,139,46.25407166,63,0.123717138,34,0.083227893,72,NULL,10.23478139,252,8.99761001,231
La Salle,46.2474645,285,33.09859155,183,68.03652968,263,6.889352818,269,50.52192067,192,35.33834586,257,73.66255144,285,11.96754564,321,36.55083655,214,35.70469799,122,48.75776398,239,52.08333333,200,0.104777757,111,0.085131927,92,NULL,9.713771181,212,8.51319272,275
Lafayette,49.5412844,194,33.68983957,158,66.66666667,291,9.405940594,153,50.74257426,203,34.64052288,221,71.62790698,217,7.339449541,76,53.35235378,2,43.09859155,317,68.75,2,54.0192926,248,0.080538526,271,0.102175742,253,NULL,8.534679649,94,9.015506671,229
Lamar,49.52380952,195,23.65591398,363,64.78873239,326,10.44303797,106,59.81012658,358,34.45945946,213,66.46706587,50,11.66666667,311,30.69306931,317,48.36601307,356,56.34920635,71,68.38487973,359,0.102947222,125,0.111526157,308,NULL,9.722793158,213,8.292970635,285
Lehigh,45.76802508,296,36.17021277,74,71.11111111,172,6.111111111,306,53.33333333,282,35.85858586,270,65.60509554,35,7.836990596,105,37.08086785,202,35.48387097,114,52.80373832,140,48.28897338,117,0.080203594,275,0.112593507,312,NULL,10.33392458,260,8.020359374,309
Liberty,53.7366548,66,38.92405063,15,70.83333333,183,5.698005698,320,49.85754986,176,35.32110092,256,74.71264368,307,11.38790036,303,52.93132328,3,38.31282953,203,65.69343066,7,46.82539683,76,0.103565306,122,0.107763899,289,NULL,7.417515132,35,8.956999405,235
Lindenwood,44.3373494,323,31.3304721,272,68.94409938,245,7.671957672,232,53.96825397,298,33.7883959,194,71.71717172,221,9.156626506,187,35.95679012,230,43.6661699,328,45.13618677,309,61.38613861,339,0.092585352,188,0.120110727,339,NULL,9.008304531,137,10.38457328,85
Lipscomb,54.91803279,41,33.61702128,162,74.19354839,74,7.948717949,216,48.97435897,148,37.26415094,322,74.35897436,299,6.010928962,25,39.1014975,149,35.21594684,108,45.71428571,303,39.62962963,12,0.076423937,300,0.077865898,43,NULL,10.23792358,253,9.516943043,182
Little Rock,48.63157895,230,30.83003953,292,72.22222222,135,5.20361991,335,55.42986425,324,37.14285714,315,67.15867159,68,9.473684211,208,34.75274725,254,38.78116343,218,50.80906149,183,53.58166189,235,0.10054701,141,0.092548952,164,NULL,9.597669137,202,9.597669137,166
Long Beach St.,47.93233083,245,33.74233129,153,63.05418719,340,9.289617486,157,50.81967213,209,33.33333333,167,74.75728155,309,9.586466165,221,23.45323741,363,45.77777778,340,48.06451613,251,60.55363322,332,0.099300244,149,0.091852725,155,NULL,9.433523142,186,9.681773751,159
Longwood,48.47161572,234,36.15384615,76,73.75,87,6.842105263,272,49.73684211,172,35.29411765,252,73.33333333,275,10.26200873,250,36.21169916,222,43.19880419,320,51.89873418,152,57.04467354,299,0.092729189,187,0.092729189,167,NULL,7.948216167,59,12.04275177,20
Louisiana,51.47783251,125,36,80,68.18181818,258,9.113300493,164,50.98522167,215,37.23404255,320,77.19298246,351,8.374384236,136,33.00330033,293,31.64983165,39,51.60142349,158,46.93140794,80,0.104146778,116,0.07498568,28,NULL,10.41467775,264,9.026054052,227
Louisiana Monroe,42.01030928,350,30.41474654,307,69.30232558,238,11.47959184,72,51.53061224,236,35.76923077,267,75.43859649,319,10.30927835,253,35.8677686,232,39.87730061,253,58.07860262,46,54.91525424,260,0.111676139,66,0.095722405,192,NULL,11.69940506,333,9.173397148,210
Louisiana Tech,54.22740525,54,33.89121339,148,72.22222222,135,8.041958042,207,51.3986014,233,39.09465021,350,66.367713,48,11.0787172,288,41.0652921,100,45.93572779,342,52.05992509,151,66.94214876,357,0.119882185,43,0.09645693,200,NULL,11.57483163,326,12.53940093,10
Louisville,44.4191344,321,31.91489362,245,73.79032258,86,8.041237113,208,54.02061856,299,33.56401384,185,68.29268293,103,9.79498861,238,34.86646884,252,37.33850129,166,41.48148148,347,49.86072423,151,0.076446882,299,0.104145027,266,NULL,13.40590247,360,10.19291758,98
Loyola Chicago,57.53424658,15,33.46153846,169,69.89247312,214,8.958837772,171,48.66828087,140,30.67729084,75,73.55371901,280,8.767123288,162,41.6,88,37.80120482,181,54.88215488,100,47.12230216,88,0.087261107,222,0.127819087,360,NULL,12.29029681,349,9.832237449,137
Loyola MD,47.38372093,262,35.24590164,99,62.5,344,7.594936709,238,55.94936709,334,34.61538462,218,68,91,8.720930233,160,41.49659864,90,34.49419569,91,57.02811245,58,50.85324232,169,0.110294736,74,0.121055198,344,NULL,10.76046203,286,11.29848513,39
Loyola Marymount,52.46252677,99,36.43617021,67,65.2892562,320,6.67903525,280,49.72170686,171,31.75182482,113,69.25795053,138,7.280513919,72,44.60260973,34,33.70233702,75,44.2408377,321,48.45070423,119,0.083864856,238,0.065677297,4,NULL,10.91253552,292,8.184401642,293
Maine,51.91815857,111,33.62068966,161,69.4214876,233,6.976744186,263,55.81395349,330,34.61538462,218,68.21192053,97,10.74168798,270,37.23916533,197,37.68115942,176,48.04270463,253,49.83164983,149,0.131596798,19,0.085470085,98,NULL,11.3960114,314,7.190340524,342
Manhattan,50.42979943,161,33.33333333,174,66.27906977,303,12.12938005,52,52.83018868,272,36.61971831,298,67.77251185,84,10.0286533,243,39.82758621,129,36.47260274,145,51.38339921,165,54.01459854,247,0.111426432,69,0.122569076,348,NULL,7.939133311,58,10.72479412,64
Marist,45.18072289,307,33.11258278,181,64.51612903,330,13.27913279,34,43.3604336,19,38.84297521,346,70.45454545,169,8.13253012,120,47.6340694,14,39.60720131,246,50.8,185,44.48818898,46,0.105818311,100,0.088181926,123,NULL,9.225186115,165,9.089521613,220
Marquette,60.66536204,4,33.98876404,141,69.23076923,239,10.17964072,115,49.30139721,156,33.33333333,167,67.58893281,79,8.219178082,129,41.06113033,101,38.82783883,220,58.46867749,44,56.37393768,289,0.125829442,30,0.089456869,140,NULL,6.881297616,18,9.535512411,178
Marshall,54.79452055,42,32.71604938,210,64.88095238,325,14.14913958,26,44.7418738,46,30.64516129,72,65.32663317,29,3.595890411,1,35.68281938,238,37.21488595,163,58.92018779,37,48.02431611,111,0.11874942,47,0.078459438,46,NULL,7.845943833,52,7.845943833,322
Maryland,57.37704918,17,31.66666667,252,70.96774194,176,10.98265896,88,43.93063584,29,28.27868852,29,68.44660194,111,7.728337237,97,41.26547455,93,31.97903014,44,43.52941176,331,42.08754209,21,0.075861581,305,0.074729319,27,NULL,9.963909136,232,10.9829453,58
Maryland Eastern Shore,41.58163265,354,34.30962343,125,72.54901961,119,4.407713499,354,55.92286501,332,31.30081301,100,76.92307692,348,9.43877551,206,37.87638669,184,40.39408867,265,55.91836735,79,57.85714286,310,0.123713397,35,0.099768869,233,NULL,10.50898751,272,8.646635295,261
Massachusetts,45.24714829,305,33.66336634,159,67.51054852,272,11.70731707,67,48.04878049,126,29.67032967,46,66.22807018,45,7.984790875,110,27.74725275,349,39.97071742,255,57.18954248,57,59.71223022,322,0.104590525,114,0.1057657,279,NULL,9.518912964,192,10.57656996,72
McNeese St.,45.0928382,310,31.57894737,256,57.55813953,362,5.801104972,314,54.6961326,310,40.06309148,356,62.77056277,8,9.549071618,213,43.05135952,55,46.68630339,349,43.84615385,326,72,363,0.121964365,38,0.107180806,286,NULL,14.90675578,363,6.89899441,352
Memphis,53.20512821,75,31.44104803,268,72.26027397,133,14.92842536,15,43.55828221,21,31.07344633,86,73.70242215,287,8.173076923,125,26.84642438,354,41.99288256,301,56.18811881,76,56.65634675,292,0.130860972,21,0.098634017,222,NULL,8.78916979,111,8.691512348,254
Mercer,51.88470067,113,38.88888889,16,71.75925926,151,4.835164835,343,47.47252747,108,33.92070485,200,75.40983607,318,9.312638581,196,30.50847458,320,33.28445748,62,57.5562701,51,47.78156997,102,0.076273836,301,0.087527352,115,NULL,10.00312598,235,8.627696155,264
Merrimack,46.35568513,283,25,361,70.83333333,183,9.172259508,162,53.69127517,290,35.8778626,271,78.60696517,359,13.41107872,349,48.88226528,10,36.95345557,156,49.79253112,208,64.37125749,351,0.151508679,5,0.105942159,280,NULL,11.5055463,319,10.8220485,61
Miami FL,56.2248996,27,33.8028169,151,76.49769585,31,11.46496815,73,49.68152866,169,31.14186851,90,72.63681592,254,6.024096386,26,36.31713555,220,38.02631579,193,53.72340426,120,54.32098765,255,0.113320804,57,0.087515077,114,NULL,8.078314774,66,8.975905304,232
Miami OH,50.66666667,153,33.95522388,143,83.78378378,2,7.923497268,218,56.28415301,338,41.81818182,362,76.79558011,345,9.333333333,199,47.18309859,16,37.54266212,173,55.55555556,86,57.38255034,306,0.077637012,292,0.118572891,335,NULL,8.610650386,98,11.57497265,30
Michigan,50.66666667,153,35.27272727,97,67.21311475,277,12.99790356,37,49.05660377,151,32.70676692,150,65.80310881,39,6.888888889,49,37.93103448,181,35.80080754,127,47.69230769,264,47.04049844,85,0.077987681,290,0.072079524,16,NULL,6.026320843,2,9.216725994,207
Michigan St.,47.0212766,273,37.71186441,35,74.4047619,66,9.77443609,132,46.61654135,82,30.94462541,81,72.5388601,250,9.574468085,219,33.42776204,282,43.48441926,324,61.93548387,18,56.93950178,297,0.070742643,330,0.094323523,181,NULL,7.19837416,26,7.818923657,323
Middle Tennessee,54.20792079,55,30.35714286,309,66.50943396,298,16.33237822,7,51.28939828,229,39.1959799,351,75.89285714,332,7.673267327,94,35.66878981,239,36.31386861,138,42.5087108,336,52.52918288,214,0.120124084,42,0.088443007,128,NULL,10.0323411,237,12.2764174,16
Milwaukee,50.28735632,166,36.61971831,63,74.25149701,72,16.17647059,8,50.58823529,195,30.651341,73,70.2970297,163,13.2183908,346,37.96791444,178,43.42762063,322,48.22134387,247,53.57142857,234,0.093819468,180,0.116224117,326,NULL,12.7426441,356,9.381946754,201
Minnesota,48.73096447,226,32.93172691,193,58.74439462,360,11.01871102,86,45.53014553,56,33.46456693,179,72,230,11.4213198,304,38.72472784,157,34.55782313,95,62.77372263,14,52.96052632,221,0.074769908,308,0.101382926,246,NULL,10.26502131,255,9.504649358,185
Mississippi,50.19685039,171,31.42857143,269,67.8111588,266,12.15686275,51,44.11764706,34,33.19148936,164,73.4375,278,8.070866142,114,32.53652058,301,31.54362416,33,49.69879518,211,56.76567657,293,0.121568346,39,0.112393377,311,NULL,8.716221059,109,8.486846821,279
Mississippi St.,48.84210526,219,31.09540636,281,64.75409836,327,14.10579345,27,42.31738035,11,29.35483871,41,70.42253521,167,6.947368421,53,37.33509235,196,43.84724187,331,62.8125,13,57.52895753,307,0.152827602,4,0.085163473,94,NULL,10.73293085,284,9.099658763,217
Mississippi Valley St.,38.04143126,362,33.70165746,157,62.29508197,345,6.896551724,268,56.09195402,336,35.38873995,259,67.46575342,76,11.29943503,297,25.42134831,357,46.16336634,344,44.86692015,314,60.37234043,331,0.092047522,194,0.144493203,363,NULL,11.66648828,331,6.957080167,350
Missouri,61.28364389,2,37.14285714,50,75.10917031,54,10.20881671,113,49.4199536,162,36.03603604,281,74,292,6.004140787,24,42.01680672,76,43.58638743,327,60.56338028,27,53.45345345,232,0.167482974,1,0.097181479,207,NULL,6.823380416,14,9.304609659,203
Missouri St.,51.74262735,116,32.88135593,196,59.42857143,358,11.02564103,85,50.51282051,191,32.23140496,132,67.17171717,70,12.33243968,333,44.16167665,39,38.29113924,200,49.31034483,217,46.18181818,62,0.112608604,62,0.075072403,29,NULL,10.61368453,279,8.93102723,237
Monmouth,43.89799636,328,27.75330396,344,62.25680934,347,6.833712984,273,57.6309795,348,40.1179941,357,70.75471698,183,11.6575592,310,29.25257732,335,43.57326478,326,52.96052632,138,55.52699229,276,0.11462931,52,0.11462931,323,NULL,12.58875456,353,8.801893431,246
Montana,53.06666667,79,35.27131783,98,77.31481481,23,7.2319202,254,54.61346633,308,30.27522936,60,76.8707483,346,7.466666667,81,40.75829384,107,35.2180937,109,47.93103448,258,48.77192982,132,0.071054718,328,0.090087232,145,NULL,9.008723236,138,8.501189532,277
Montana St.,53.18627451,76,30.92369478,289,74.22222222,73,9.027777778,166,48.84259259,142,33.33333333,167,71.79487179,223,6.12745098,29,37.89954338,183,36,130,55.10204082,95,39.38356164,10,0.092825605,186,0.103675351,262,NULL,9.764771477,217,9.403113274,198
Morehead St.,45.03311258,313,30.18018018,312,74.48979592,64,6.234413965,297,56.85785536,342,28.10810811,26,73.56321839,282,13.24503311,347,42.36641221,66,31.56996587,35,49.75369458,209,42.5,23,0.068211307,338,0.105282669,275,NULL,10.67655236,282,7.117701576,345
Morgan St.,42.46231156,346,37.19512195,47,66.91729323,289,10.97178683,89,55.17241379,319,31.79487179,115,68.37944664,109,11.05527638,286,29.18149466,336,37.93774319,189,50.43478261,192,61.76470588,343,0.136909016,13,0.120359574,341,NULL,9.628765938,205,10.23056381,94
Mount St. Mary's,44.12416851,326,36.08695652,78,71.80851064,148,7.256235828,253,48.5260771,138,33.61702128,188,68.07511737,93,9.090909091,183,33.77386197,274,34.76331361,99,58.86524823,39,47.78156997,102,0.095446164,170,0.126435179,358,NULL,8.429011915,87,11.28000124,41
Murray St.,51.38248848,128,29.46058091,328,71.36929461,164,6.950672646,264,51.34529148,231,28.85245902,36,70.62146893,177,5.529953917,13,35.7037037,236,40.61251664,274,47.95918367,256,52.3659306,209,0.066969042,344,0.086450945,104,NULL,9.132142096,154,8.645094518,262
N.C. State,53.39622642,70,35.95505618,83,70.75098814,186,11.58878505,71,49.1588785,153,31.48148148,104,67.07317073,64,5.849056604,21,40.18058691,117,33.54037267,71,51.09489051,175,48.27586207,116,0.1297389,25,0.088821247,133,NULL,6.686543332,11,7.983932336,312
NJIT,44.94949495,315,32.25806452,227,66.38297872,301,8.14479638,201,50.90497738,212,32.95019157,157,69.5,142,10.35353535,256,38.50931677,161,37.12660028,162,57.36434109,55,50.80385852,168,0.087196904,223,0.072032225,15,NULL,10.10978596,247,7.203222494,340
Navy,51.30208333,132,40.46692607,4,66.94915254,288,5.641025641,323,52.05128205,249,35.3909465,260,68.44919786,113,8.59375,151,40.09360374,122,38.38862559,206,55.48172757,88,52.24913495,204,0.083226742,245,0.09687047,203,NULL,9.550609704,195,9.414172423,194
Nebraska,52.55905512,94,30.16393443,314,65.59633028,318,7.258064516,252,46.77419355,86,32.11267606,129,61.96319018,2,12.00787402,323,37.51537515,190,41.71562867,292,53.76044568,118,59.53757225,318,0.088097642,216,0.10907327,296,NULL,8.600007866,97,10.48781447,74
Nebraska Omaha,47.49034749,259,32.86384977,198,80,7,10.10752688,118,51.82795699,241,38.85135135,347,74.18032787,296,9.073359073,182,29.13816689,337,38.89618922,224,49.05063291,229,56.17977528,285,0.082055831,255,0.124192609,354,NULL,7.983810606,60,9.647104483,164
Nevada,49.37343358,200,33.10810811,182,78.73754153,14,10.1511879,117,44.27645788,37,31.80212014,117,72.68907563,257,7.769423559,99,42.58992806,62,37.93565684,188,59.3220339,33,47.11864407,86,0.080589095,270,0.070373576,9,NULL,8.399426796,85,9.988507541,121
New Hampshire,38.71866295,361,33.47457627,168,74.30555556,70,6.267029973,294,47.41144414,103,29.90196078,52,71.35678392,207,9.749303621,233,39.66386555,136,35.7267951,124,50.4587156,191,41.27659574,17,0.076523435,297,0.088527111,129,NULL,7.202205675,27,8.252527336,289
New Mexico,53.33333333,73,37.05583756,51,73.374613,97,12.04545455,57,46.59090909,80,31.61512027,106,66.83417085,62,4.901960784,5,27.86421499,348,39.80848153,250,55.65217391,83,53.87205387,242,0.099889327,144,0.085132949,93,NULL,7.491699537,37,9.875422118,134
New Mexico St.,48.93617021,213,38.57142857,18,70.68062827,189,9.23566879,158,51.27388535,228,33.85826772,196,72.30046948,241,8.244680851,130,35.83617747,233,44.71830986,337,46.03773585,300,48.58299595,127,0.093623661,183,0.078019718,44,NULL,9.787928222,218,9.504220157,186
New Orleans,46.21848739,286,35.41666667,94,70.62937063,190,4.560260586,350,61.56351792,362,37.43589744,328,69.73684211,149,6.162464986,30,28.74251497,342,38.84462151,221,57.87037037,48,51.90839695,193,0.083572338,239,0.113962278,319,NULL,14.13132253,362,11.24427814,44
Niagara,48.19944598,242,31.92771084,244,71.69811321,152,7.556675063,240,46.59949622,81,35.0877193,241,71.00591716,192,13.29639889,348,31.49905123,312,30.1056338,15,48.01762115,255,38.7755102,8,0.069886628,332,0.104053424,264,NULL,9.162913496,158,8.541699022,272
Nicholls St.,47.61904762,254,30.65326633,300,63.75,335,5.901639344,310,56.06557377,335,32.98969072,159,70.54794521,175,8.683473389,156,35.79136691,234,38.87775551,223,51.51515152,163,65.95744681,355,0.128214468,27,0.081591025,61,NULL,11.80155897,339,11.07306768,54
Norfolk St.,54.02597403,59,30.66666667,299,73.33333333,98,10.63218391,100,51.14942529,221,37.17105263,316,62.68656716,7,10.12987013,248,36.8852459,209,46.62576687,348,49.09747292,228,65.97938144,356,0.088497081,211,0.107557991,288,NULL,7.896662639,56,7.21591586,338
North Alabama,48.15724816,243,35.05747126,105,64.03940887,332,7.672634271,231,50.63938619,198,39.1959799,351,66.50717703,55,10.07371007,245,29.94836489,327,33.72881356,76,42.80155642,334,53.62318841,236,0.078447853,286,0.084051271,80,NULL,9.105554388,150,7.984870771,311
North Carolina,53.86100386,63,30.74074074,294,73.46938776,94,9.742647059,136,47.42647059,106,34.95145631,236,67.1875,71,7.142857143,61,34.26395939,260,36.22508792,135,46.68508287,286,46.72131148,72,0.081033699,264,0.089344848,138,NULL,6.856697617,16,8.103369911,301
North Carolina A&T,43.56725146,334,34.29602888,126,71.83908046,147,7.971014493,214,55.31400966,321,33.60995851,187,69.95305164,151,9.356725146,202,44.74959612,30,36.79389313,153,43.85245902,325,55.48387097,273,0.08345338,240,0.07947941,51,NULL,11.12711738,300,6.358352789,359
North Carolina Central,46.92307692,274,40.32258065,6,73.97260274,80,4.518072289,351,56.62650602,340,34.68468468,222,62.06896552,3,15.64102564,361,32.29166667,303,40.07220217,260,50,198,60.75471698,333,0.102947222,125,0.090078819,144,NULL,11.72454469,335,9.579810906,170
North Dakota,51.01522843,140,34.09961686,136,67.1957672,278,7.066381156,259,52.03426124,248,37.17948718,317,68.22429907,98,8.121827411,118,39.84732824,128,33.38088445,64,47.5862069,268,42.42424242,22,0.063574178,353,0.113436278,317,NULL,10.47104103,271,8.850522773,240
North Dakota St.,49.8714653,182,30.92783505,288,68.12227074,260,5.346534653,332,54.25742574,303,35.13513514,243,77.31092437,354,9.768637532,234,42.79411765,58,30.53645117,22,44.71830986,317,44.31818182,44,0.057282305,360,0.114564611,322,NULL,7.364867827,32,6.780354507,355
North Florida,50.16722408,173,31.46853147,266,68.22916667,257,6.225680934,298,51.16731518,222,30.06134969,56,73.36956522,277,15.05016722,358,48.88888889,9,24.07680945,2,49.58333333,213,51.28205128,180,0.067885841,340,0.105292325,276,NULL,8.866722084,117,6.234413965,360
North Texas,44.51219512,320,30.70866142,296,72.48677249,124,7.926829268,217,41.76829268,6,29.83425414,50,66.51162791,56,8.536585366,148,43.64261168,45,35.55992141,116,46.875,280,47.12041885,87,0.11128897,70,0.080798841,56,NULL,9.29948929,173,10.82399573,60
Northeastern,46.45308924,282,33.45724907,170,62.98342541,341,10.49618321,103,48.47328244,136,31.12244898,88,68.01801802,92,12.35697941,334,38.101983,172,27.22222222,7,53.24232082,132,43.17460317,32,0.084723966,234,0.118613553,336,NULL,9.44067053,188,6.777917303,356
Northern Arizona,47.74774775,250,31.48788927,265,70.40816327,199,5.060240964,338,54.93975904,317,37.09677419,313,75.65789474,328,10.81081081,271,39.42701228,143,37.40573152,167,54.12541254,109,54.375,256,0.080678164,268,0.087693657,117,NULL,9.003215434,135,9.93861444,126
Northern Colorado,48.50948509,233,38.01369863,29,78.87323944,12,3.585657371,363,54.58167331,307,35.2,245,72.09302326,234,13.5501355,351,44.17549168,38,33.24468085,61,50,198,45.02762431,50,0.059477785,357,0.092785345,168,NULL,10.46809017,270,8.207934337,292
Northern Illinois,48.87218045,216,31.65137615,253,67.1957672,278,7.746478873,227,51.17370892,224,33.89830508,199,70.98214286,191,11.27819549,296,35.33225284,245,35.64954683,120,41.28787879,350,48.65771812,128,0.081312433,261,0.107993076,290,NULL,11.81571299,340,9.909952832,128
Northern Iowa,51.60493827,118,32.53968254,220,67.30769231,275,5.602240896,324,53.22128852,280,34.59119497,216,69.53642384,144,5.925925926,22,38.35616438,165,47.11111111,352,45.70446735,304,48,110,0.090485118,203,0.105359384,277,NULL,9.048511799,143,11.15569948,48
Northern Kentucky,45.05747126,312,34.45378151,119,66,308,8.128078818,202,47.29064039,101,41.10671937,360,63.91752577,12,7.816091954,100,35.3640416,244,38.39150228,207,53.5971223,122,59.7972973,325,0.124594909,32,0.098165686,215,NULL,10.06827549,240,10.06827549,109
Northwestern,45.63591022,297,31.06796117,283,76.27906977,34,17.49271137,3,37.90087464,1,31.86440678,121,68.47826087,114,11.22194514,293,43.52112676,46,46.23824451,346,60.21505376,30,63.83928571,350,0.127276378,29,0.077848659,42,NULL,9.761974637,216,10.99766763,56
Northwestern St.,42.09401709,349,34.7133758,113,65.94594595,309,5.581395349,325,54.18604651,302,31.81818182,118,75.89928058,333,9.615384615,224,40.15345269,118,33.84615385,79,40.52287582,353,57.75577558,309,0.127870682,28,0.073585958,22,NULL,8.68555574,107,9.891882926,133
Notre Dame,52.64423077,90,38,30,79.65116279,8,8.582834331,186,51.89620758,243,32.6848249,148,79.71014493,363,6.490384615,40,41.89944134,82,33.90501319,81,47.44744745,271,46.80232558,75,0.069409125,333,0.077786088,41,NULL,6.342557966,5,6.581899776,358
Oakland,49.24406048,202,30.67846608,298,72.22222222,135,6.782945736,277,55.42635659,323,38.03680982,338,71.66666667,220,9.071274298,181,42.26932668,68,38.71733967,217,46.08433735,299,62.68292683,348,0.081628269,258,0.083776382,77,NULL,6.551742656,8,8.592449385,268
Ohio,50,175,36.22047244,72,72.84768212,114,5.432098765,330,48.39506173,135,36.46616541,294,69.23076923,136,9.490740741,209,37.02623907,204,39.64232489,247,48.05194805,252,51.19453925,178,0.096231483,166,0.093595004,176,NULL,8.173084845,72,7.118493252,344
Ohio St.,55.46558704,34,37.34939759,45,72.85714286,113,9.937888199,124,47.41200828,105,27.16049383,12,71.42857143,208,5.668016194,15,33.512786,279,33.47107438,67,47.13896458,275,46.44067797,67,0.068638519,337,0.073455257,20,NULL,9.392639422,182,10.47640551,76
Oklahoma,56.17128463,29,39.81042654,7,71.42857143,160,7.972665148,213,50.34168565,187,26.36363636,6,70.44025157,168,8.312342569,134,34.70394737,255,33.38391502,65,56.35179153,70,41.21863799,16,0.086564706,226,0.105944863,281,NULL,8.65647055,106,7.881264232,319
Oklahoma St.,52.69320843,89,32.54901961,219,72.52252252,121,15.47911548,10,42.50614251,12,26.89655172,10,75.96153846,335,6.557377049,42,37.39002933,192,41.60688666,290,55.19480519,92,47.01195219,84,0.095966412,168,0.117558854,329,NULL,9.95651522,229,9.836557205,136
Old Dominion,46.53846154,277,34.11764706,133,61.82572614,349,11.42061281,74,52.08913649,251,31.73431734,112,67.71300448,82,7.115384615,59,24.63768116,360,43.01587302,316,43.66666667,329,56.77655678,294,0.101061788,138,0.079314315,49,NULL,8.187284124,75,9.722399898,155
Oral Roberts,50.71633238,150,39.02439024,13,77.18120805,25,14.40443213,22,46.26038781,74,37.3540856,325,75.64102564,327,9.169054441,188,45.12578616,28,41.58576052,289,51.21107266,171,46.3878327,66,0.100907127,139,0.084319654,88,NULL,6.358531317,6,8.570194384,269
Oregon,54.69107551,46,30.55555556,304,65.46184739,319,15.1187905,12,46.00431965,68,31.83279743,119,75,311,6.178489703,31,39.72413793,133,40.18087855,262,53.51681957,125,51.28205128,180,0.084654874,235,0.084654874,90,NULL,11.78304329,337,8.808682845,245
Oregon St.,49.60422164,191,31.65137615,253,75.30864198,53,11.97007481,59,46.88279302,89,31.12840467,89,72.39819005,243,7.65171504,92,36.5159129,216,39.05775076,229,50.97276265,177,53.35820896,229,0.074101984,313,0.09670937,201,NULL,11.30369254,308,10.67570962,65
Pacific,49.12280702,205,36.82539683,59,69.68503937,218,8.024691358,210,52.67489712,267,36.2745098,288,62.54071661,6,8.187134503,127,38.04347826,175,38.63636364,213,42.39130435,339,52.31607629,206,0.081116364,262,0.073004728,18,NULL,9.531172765,193,12.47164096,13
Penn,52.02702703,109,35.57692308,92,74.12935323,75,9.930715935,126,50.11547344,184,34.11078717,207,68.33976834,107,9.009009009,179,41.26984127,92,44.20103093,334,59.06432749,36,52.09580838,201,0.077637131,291,0.101265823,245,NULL,9.563994374,199,5.850914205,363
Penn St.,53.11720698,77,38.35978836,21,76.92307692,28,6.823027719,274,43.71002132,25,32.90322581,155,72.88135593,263,9.975062344,241,48.5237484,11,39.79460847,249,57.82122905,49,57.32899023,304,0.078223532,287,0.066886788,5,NULL,6.235209092,3,8.049088101,307
Pepperdine,50.10940919,174,35.88850174,86,69.89795918,213,11.59695817,70,46.19771863,71,31.79916318,116,70.83333333,188,5.032822757,8,38.57526882,160,31.24183007,27,48.4939759,241,45.14106583,51,0.081833978,257,0.097528165,209,NULL,8.856005829,116,9.304411188,204
Pittsburgh,53.08056872,78,35.2238806,100,72.33201581,130,11.06471816,83,48.01670146,124,28.93890675,38,63.63636364,10,11.13744076,291,44.25363276,36,39.36708861,240,56.7251462,65,50.625,164,0.082512789,253,0.099015347,226,NULL,9.901534738,223,8.911381264,238
Portland,51.70068027,117,37.98219585,31,71.38461538,162,6.299212598,290,49.60629921,168,36.04651163,283,66.38655462,49,4.988662132,6,43.31619537,48,40.37558685,263,60.6741573,23,47.87234043,107,0.068133848,339,0.083933002,78,NULL,10.26944962,256,11.45438612,35
Portland St.,48.75621891,223,30.89430894,290,76.19047619,35,6.434316354,288,53.88739946,295,35.04672897,240,76.20481928,337,7.711442786,96,37.96296296,179,36.45655877,143,48.89705882,234,55.43478261,271,0.089990138,206,0.070266272,8,NULL,11.34122288,311,13.56015779,4
Prairie View A&M,43.5,335,29.95169082,319,69.88636364,215,9.180327869,161,52.45901639,262,35.29411765,252,73.17073171,270,12.25,330,34.10214168,263,42.01520913,302,46.61016949,287,57.14285714,300,0.106747449,96,0.073569187,21,NULL,10.81899816,290,9.232211764,206
Presbyterian,47.49403341,258,31.46551724,267,61.53846154,350,10.18957346,114,52.8436019,274,34.85477178,229,69.33962264,140,9.785202864,236,35.6374808,240,36.34992459,141,46.32352941,291,47.88273616,108,0.076644259,296,0.104747154,270,NULL,9.325051495,176,9.452791927,192
Princeton,56.58914729,23,34.85477178,110,69.71428571,217,7.623318386,236,47.53363229,112,30.76923077,79,71.06918239,195,8.527131783,146,38.37579618,164,30.42121685,19,49.17491749,223,46.32352941,65,0.072403044,322,0.079107029,48,NULL,9.653739148,206,7.374384071,333
Providence,53.76712329,64,33.07086614,184,73.45132743,95,12.24137931,48,46.20689655,72,33.82899628,195,76.28865979,340,8.904109589,171,30.31026253,323,31.68433451,41,54.0201005,111,42.6183844,25,0.112722835,59,0.095613119,191,NULL,8.655503416,105,7.145822587,343
Purdue,56.15212528,30,30.53691275,305,75.57755776,44,12.23628692,49,45.56962025,59,27.68729642,21,71.94244604,227,8.724832215,161,40,125,39.30857875,239,58.77192982,40,50.49833887,161,0.072011382,323,0.073172856,19,NULL,8.014169982,61,8.827201719,244
Purdue Fort Wayne,50.68493151,151,31.85595568,248,72.58883249,118,6.23501199,296,54.43645084,304,29.64169381,45,66.22516556,44,11.23287671,294,49.72451791,6,42.40331492,308,54,112,45.59748428,54,0.101893128,134,0.103051004,258,NULL,9.957737509,231,7.989347537,310
Queens,52.94117647,81,33.45454545,172,70.16129032,208,7.466063348,242,52.26244344,256,32.09876543,127,67.09677419,66,11.20448179,292,43.51265823,47,35.47445255,112,50.17793594,195,48.54368932,125,0.082932439,248,0.103665549,261,NULL,10.10739103,246,7.256588432,337
Quinnipiac,47.78761062,249,35,107,60.97560976,353,7.004830918,261,47.34299517,102,29.62962963,44,71.09004739,196,10.84070796,272,36.51685393,215,41.7721519,293,48.20846906,248,51.4084507,184,0.097789306,160,0.093019096,171,NULL,10.13669633,248,7.274570308,336
Radford,50,175,35.77586207,88,65.64102564,317,9.73871734,137,51.06888361,220,37.33905579,324,72.72727273,258,6.41025641,37,33.14285714,290,35.62691131,119,49.52681388,214,51.98675497,196,0.105446557,105,0.098174381,216,NULL,8.241799864,76,11.27187334,42
Rhode Island,44.67640919,318,29.61165049,325,73.87755102,83,9.513274336,145,49.11504425,152,30.29045643,61,69.05829596,127,14.40501044,357,30.0729927,325,34.77633478,100,55.63636364,84,51.86440678,192,0.086149366,227,0.109203422,298,NULL,11.16301644,301,9.100285142,216
Rice,57.62195122,13,34.97942387,109,74.32432432,69,4.155844156,360,54.54545455,306,36.75213675,304,65.03067485,23,7.012195122,56,42.55691769,63,37.80290792,182,62.04379562,17,48.98648649,139,0.06522293,347,0.097834395,213,NULL,9.511677282,191,10.32696391,87
Richmond,51.54639175,121,36.9047619,56,70.93596059,179,8.314606742,195,46.74157303,84,31.84713376,120,69.02173913,126,10.56701031,262,46.40883978,23,41.37022398,286,54.9382716,99,48.7012987,129,0.088444148,212,0.099783142,235,NULL,8.164075234,70,8.277465168,288
Rider,46.06481481,289,34.10404624,135,76.1627907,38,7.384615385,246,45.53846154,57,38.98305085,349,62.11453744,4,8.101851852,116,28.59504132,344,42.06773619,303,47.6744186,265,52.91666667,219,0.074375709,311,0.095200907,188,NULL,7.586322307,42,9.520090738,180
Robert Morris,47.28850325,267,33.47826087,167,64.57142857,329,9.936575053,125,46.51162791,78,35.94470046,278,71.57894737,214,7.592190889,89,33.28509407,287,31.44927536,31,51.18644068,172,47.65100671,96,0.099730666,145,0.092343209,161,NULL,10.09619084,244,9.973066564,124
Rutgers,50.20080321,170,30.18867925,311,72.4137931,127,12.88659794,39,43.81443299,26,25.18796992,3,65.68047337,36,8.835341365,168,29.85915493,329,40.67278287,277,56.68789809,66,51.47679325,186,0.149773969,6,0.096196289,197,NULL,8.645489277,101,10.59376855,70
SIU Edwardsville,47.86729858,248,32.24299065,229,75.42372881,48,11.85185185,64,47.16049383,96,33.33333333,167,71.95767196,228,9.241706161,193,33.64779874,277,37.78801843,180,43.91143911,324,48.71794872,130,0.107521658,92,0.094567242,184,NULL,9.586268318,201,11.14079832,50
SMU,47.36842105,263,30.64516129,301,71.10091743,173,9.941520468,123,46.00389864,67,33.92857143,202,68.85964912,121,10.33834586,255,31.79487179,307,35.30895334,110,45.73170732,302,55.28700906,268,0.079527194,279,0.088242503,126,NULL,8.93319171,128,9.042133072,225
Sacramento St.,49.73544974,186,36.93693694,55,71.17647059,170,7.068607069,258,53.01455301,277,33.13253012,163,70.55214724,176,10.84656085,274,37,206,25.6568779,3,54.44444444,104,41.93548387,20,0.078902172,283,0.107470199,287,NULL,11.83532573,343,7.210026017,339
Sacred Heart,47.6744186,253,29.76878613,321,68.94977169,244,8.653846154,183,52.5,264,32.55813953,142,76.88679245,347,9.108527132,185,40.13921114,120,39.81481481,251,52.43553009,146,56.36363636,288,0.105382197,108,0.105382197,278,NULL,8.450459183,90,7.953373349,315
Saint Joseph's,49.44444444,197,33.65079365,160,69.4980695,227,8.152173913,200,50.27173913,185,33.72781065,192,67.88990826,88,12.5,337,46.66666667,22,47.87535411,354,51.76056338,154,60.2006689,328,0.096223809,167,0.100975603,241,NULL,9.384791292,181,9.978765425,122
Saint Louis,48.90656064,214,30.83003953,292,75.55555556,46,9.677419355,138,43.87096774,27,33.33333333,167,75.91836735,334,11.53081511,309,33.46560847,281,37.24696356,165,57.40740741,53,52.02702703,197,0.061384093,354,0.087354287,111,NULL,7.318872658,31,8.14519699,298
Saint Mary's,50.95057034,143,37.21682848,46,63.95348837,334,9.107806691,165,43.6802974,24,32.23140496,132,74.17840376,295,9.315589354,197,37.00598802,205,31.02564103,24,48.82506527,236,34.82428115,3,0.119174511,46,0.073970386,23,NULL,10.1709281,250,8.218931796,291
Saint Peter's,42.13075061,348,30.17241379,313,66.66666667,291,11.17647059,78,50.58823529,195,29.89690722,51,70.22653722,160,12.59079903,338,35.96899225,229,36.32958801,139,47.13114754,277,43.91304348,41,0.088138083,215,0.07974398,52,NULL,13.01085987,358,9.093611738,219
Sam Houston St.,44.08284024,327,37.89473684,32,69.62962963,222,5.907172996,309,49.78902954,174,31.5,105,71.34502924,205,12.13017751,326,35.98484848,228,45.76659039,339,44.3438914,320,58.56353591,314,0.140309851,10,0.088528835,130,NULL,10.52323882,273,11.52545204,32
Samford,48.74213836,224,36.03238866,79,74.33628319,68,8.562691131,188,47.09480122,94,40.625,359,66.04651163,42,10.06289308,244,43.71681416,44,40.65335753,276,48.36065574,244,60,326,0.106573829,97,0.100889891,239,NULL,10.6573829,280,11.08367822,53
San Diego,47.08171206,272,37.6344086,39,75.49407115,47,5.882352941,312,52.48868778,263,41.93548387,363,66.66666667,57,7.976653696,108,35.18284994,247,41.22340426,285,48.99135447,230,61.32596685,337,0.086929356,224,0.077149804,38,NULL,8.475612241,91,9.996875976,118
San Diego St.,51.7699115,115,32.08333333,234,73.4939759,93,8.888888889,175,49.38271605,159,30.26819923,59,72.27722772,239,7.522123894,84,34.68208092,256,39.18918919,234,50.1607717,196,43.36917563,35,0.129959461,24,0.0983477,218,NULL,8.078561079,67,9.717689414,156
San Francisco,53.5962877,68,34.09090909,138,72.82608696,115,5.695142379,321,48.24120603,129,28.18532819,28,71.62162162,216,6.032482599,27,50.51664753,5,30.25700935,18,53.0183727,136,38.50415512,7,0.101978762,133,0.091687328,152,NULL,11.50769519,321,8.233147776,290
San Jose St.,52.8708134,84,35.16483516,102,66.51785714,296,11.63793103,68,43.31896552,18,35.24904215,249,77.6744186,358,5.502392344,12,39.50795948,140,36,130,53.94321767,115,48.46416382,121,0.055537948,361,0.080892229,57,NULL,11.59052837,328,6.761141546,357
Santa Clara,48.54014599,231,36.18233618,73,72.02797203,142,9.636363636,140,48,123,34.8773842,231,70.40816327,166,6.569343066,43,39.04338154,152,40.02181025,257,53.4351145,128,55.35714286,270,0.085742911,230,0.093198816,174,NULL,9.692676903,210,9.413080454,195
Seattle,47.51381215,257,31.07692308,282,67.08860759,285,8.457711443,190,50.99502488,218,30.18018018,57,71.82539683,225,12.70718232,340,47.30713246,15,35.57692308,117,51.64835165,156,47.79411765,104,0.068646613,336,0.085172649,95,NULL,9.152881728,157,10.29699194,91
Seton Hall,49.88610478,181,30.36437247,308,66.25766871,304,12.71186441,41,47.45762712,107,28.125,27,72.01646091,231,11.84510251,317,36.0058309,226,35.16483516,105,53.40136054,129,54.05405405,249,0.108727634,82,0.123299379,351,NULL,9.863950344,222,9.976040689,123
Siena,49.06103286,209,38.28828829,24,76.39484979,33,10.72164948,98,52.78350515,269,33.33333333,167,65.51724138,33,7.746478873,98,34.25925926,261,26.40364188,4,50.68027211,187,45.85987261,57,0.07805473,289,0.12074091,343,NULL,9.756841223,215,10.61056483,69
South Alabama,50.85574572,148,30.89430894,290,68.88888889,247,7.974137931,212,49.78448276,173,32.63157895,146,66.85082873,63,6.601466993,45,37.55725191,189,29.05198777,10,42.25352113,342,48.46416382,121,0.075944308,304,0.062620745,1,NULL,8.393844514,83,9.726200786,154
South Carolina,44.94117647,316,32.63157895,214,60.33519553,356,8.636363636,185,52.95454545,276,34.8,227,64.84848485,20,8.470588235,140,40.14084507,119,36.23188406,136,48.23943662,246,53.4375,230,0.065557237,345,0.103378719,259,NULL,9.329299042,178,10.08572869,106
South Carolina St.,46.06413994,290,28.19672131,341,67.66917293,269,8.884688091,177,60.86956522,360,37.60445682,330,70.87628866,189,11.37026239,302,30.77699294,316,40.42792793,266,46.51741294,289,61.48796499,341,0.099428287,146,0.084062097,81,NULL,9.038935213,140,8.496599101,278
South Dakota,41.90981432,351,38.0952381,27,75.6097561,42,4.279279279,358,50.67567568,201,36.53136531,296,75.58685446,325,12.20159151,328,42,78,37.9020979,185,52.67175573,143,47.83950617,105,0.068941744,335,0.120334681,340,NULL,8.774403811,110,7.646266178,328
South Dakota St.,49.02912621,210,31.63636364,255,81.85840708,3,7.383966245,247,53.37552743,283,33.95638629,203,74.71264368,307,13.10679612,345,40.02911208,124,40.37735849,264,44.98269896,313,48.34254144,118,0.076211214,302,0.1273816,359,NULL,9.580838323,200,10.01633097,115
South Florida,50.18315018,172,33.33333333,174,62.66094421,342,7.692307692,230,47.47252747,108,33.55263158,183,74.57044674,305,8.974358974,173,35.46099291,242,40.05270092,258,50.26737968,193,54.08805031,250,0.102809076,127,0.087231944,110,NULL,9.450127213,189,11.31938315,38
Southeast Missouri St.,44.33497537,324,35.35353535,95,69.56521739,224,9.501187648,146,54.1567696,301,30.18867925,58,67.1686747,69,9.60591133,222,42.24751067,71,38.62973761,212,53.68421053,121,51.2987013,182,0.085829639,229,0.101640363,247,NULL,9.260566363,168,10.27696999,93
Southeastern Louisiana,46.0704607,288,37.05357143,52,72.88135593,112,4.513888889,352,57.98611111,349,34.57249071,215,68.18181818,96,9.214092141,192,37.77403035,185,48.29443447,355,45.05928854,311,64.61538462,353,0.103857827,118,0.077191628,39,NULL,9.964737461,233,9.403343801,197
Southern,45.83333333,294,34.36293436,122,70.85714286,182,6.285714286,292,54.85714286,315,35.29411765,252,72.51655629,249,11.71875,312,40.27993779,113,40.47619048,268,58.86792453,38,69.56521739,362,0.11396875,55,0.094569813,185,NULL,12.48806511,352,12.48806511,12
Southern Illinois,59.03614458,8,32.06997085,235,73.03921569,105,5,340,47.5,110,29.91803279,54,62.27272727,5,10.84337349,273,50.81481481,4,33.70165746,74,59.80392157,32,46.84385382,77,0.108021145,90,0.104573661,268,NULL,10.45736612,267,8.503792232,276
Southern Indiana,45.63591022,297,38.32116788,22,66.51376147,297,6.478873239,286,56.90140845,343,31.89964158,122,72.54901961,251,12.21945137,329,40.59259259,110,44.00630915,332,48.95833333,231,48.45360825,120,0.112716181,60,0.089182034,137,NULL,10.52843451,275,7.060244322,347
Southern Miss,54.27872861,51,32.29571984,225,71.05263158,174,9.631728045,141,45.04249292,49,30.79847909,80,72.13114754,235,7.090464548,57,38.58858859,159,42.69480519,312,55.08196721,96,50.41666667,159,0.131046571,20,0.094353531,182,NULL,8.255933953,78,9.435353089,193
Southern Utah,51.3368984,130,31.55555556,259,73.60594796,90,8.845208845,179,51.35135135,232,37.01923077,312,69.68325792,147,10.96256684,282,37.56260434,188,33.82113821,78,38.40304183,361,49.3006993,143,0.093887531,177,0.099103504,228,NULL,9.910350448,225,8.867155664,239
St. Bonaventure,47.41200828,261,34.09961686,136,68.05555556,262,11.11111111,80,52,246,27.66798419,20,68.51851852,115,7.660455487,93,35.08064516,249,35.9886202,129,47.16981132,274,52.63157895,216,0.099323572,147,0.082198818,64,NULL,11.53066758,323,9.47569712,188
St. Francis NY,41.20734908,356,33.14606742,179,71.85628743,146,11.02941176,84,46.81372549,87,36.73469388,302,68.25396825,100,7.611548556,90,31.84257603,306,26.48648649,5,47.22222222,273,53.06122449,223,0.109082645,77,0.087872131,118,NULL,11.21127187,303,9.54473146,175
St. Francis PA,48.86363636,217,34.28571429,128,68.62745098,253,4.208416834,359,57.11422846,345,35.2173913,248,67.11711712,67,9.545454545,212,35.76642336,235,31.55006859,34,50.8361204,180,52.45901639,212,0.064890197,351,0.093730285,178,NULL,8.892360381,121,7.810857091,324
St. John's,51.90839695,112,31.52173913,262,69.63562753,220,10.82089552,96,47.57462687,113,31.90184049,123,68.32579186,106,4.27480916,3,29.64554243,330,37.81902552,183,53.39578454,130,53.76044568,238,0.123545468,36,0.09289853,169,NULL,8.906766269,122,7.949049466,316
St. Thomas,52.59593679,91,39.56386293,8,77.64227642,21,4.98960499,341,52.39085239,260,36.09271523,284,76.25570776,339,13.09255079,344,42.01570681,77,38.56960409,210,47.5,269,47.36842105,91,0.088991386,209,0.068371431,7,NULL,9.224716815,164,8.682086414,257
Stanford,52.4822695,97,30.71672355,295,73.1092437,103,12.08791209,56,49.89010989,179,31.03448276,84,71.57360406,213,8.510638298,144,40.92178771,104,36.45251397,142,55.44871795,90,51.2987013,182,0.10267259,130,0.099287779,229,NULL,11.50835625,322,10.04160496,113
Stephen F. Austin,49.40898345,198,38.5026738,19,74.01574803,76,7.671232877,233,53.69863014,291,35.42600897,261,71.60493827,215,7.56501182,86,30.6557377,318,37.92517007,186,55.16014235,93,60,326,0.120399854,40,0.096319883,199,NULL,14.06777244,361,13.30735231,5
Stetson,48.26388889,240,36.68122271,62,68.06722689,261,8.069164265,205,49.85590778,175,38.67403315,345,74.21383648,298,7.291666667,74,44.29400387,35,34.28030303,86,51.56950673,160,53.90946502,243,0.070049472,331,0.07705442,37,NULL,9.281555098,171,7.705441968,327
Stonehill,49.66740576,189,34.70031546,114,78.20512821,17,8.979591837,169,52.44897959,261,37.00564972,311,70.30075188,164,10.19955654,249,41.27604167,91,41.94312796,299,47.60479042,267,53.86597938,241,0.105973507,98,0.102974256,257,NULL,9.097725569,149,8.697825544,253
Stony Brook,47.2972973,266,29.13385827,333,73.52941176,92,7.575757576,239,50.60606061,197,34.93975904,234,73.85620915,289,8.445945946,139,46.18181818,26,50.1510574,361,51.40186916,164,60.77738516,334,0.067281122,342,0.122204487,346,NULL,9.199663594,161,7.277345828,335
Syracuse,52.23613596,104,32.34042553,224,73.24561404,101,17.74580336,2,46.76258993,85,32.58145363,145,65.94594595,41,5.008944544,7,29.59697733,331,48.89705882,359,51.63043478,157,68.92307692,361,0.115160491,51,0.090799618,150,NULL,7.086799452,23,8.415574349,282
TCU,52.81553398,85,30.08474576,316,70.22058824,207,13.27623126,35,43.89721627,28,28.08510638,25,64.14141414,15,10.29126214,252,31.42476698,313,33.47578348,68,60.93294461,22,52.0295203,198,0.119541564,45,0.090526621,147,NULL,6.615406935,10,12.07021616,19
Tarleton St.,47.31457801,265,31.2,278,65.71428571,315,7.189542484,255,52.2875817,257,36.36363636,289,73.36065574,276,12.02046036,324,24.2248062,361,39.28571429,237,47.32142857,272,53.44827586,231,0.132469612,18,0.075696921,32,NULL,10.77225417,288,12.6646772,9
Temple,50.34324943,164,32.8313253,199,74.80916031,58,9.947643979,122,47.64397906,117,31.640625,107,70.04048583,155,8.695652174,158,43.17295189,52,30.88057901,23,56.23100304,75,51.1299435,177,0.073460928,315,0.110191392,302,NULL,8.920255539,126,10.07464155,108
Tennessee,48.45132743,236,32.38095238,222,71.42857143,160,13.53383459,33,42.10526316,10,21.16040956,1,74.56140351,304,9.955752212,240,41.06910039,99,42.34104046,307,69.1588785,1,46.95652174,81,0.154420852,3,0.10442849,267,NULL,9.554095902,197,10.77613142,62
Tennessee Martin,47.72117962,251,34.33476395,123,67.80487805,267,9.115281501,163,52.01072386,247,34.16666667,209,65.70247934,37,10.9919571,284,38.44884488,163,39.15171289,233,48.4496124,242,55.43478261,271,0.108343476,85,0.098743421,224,NULL,8.502905731,93,8.091474808,303
Tennessee St.,49.59128065,192,33.92857143,145,69.45812808,230,8.011049724,211,51.93370166,244,36.36363636,289,75.36231884,317,7.356948229,77,37.90186125,182,36.60245184,149,51.5503876,162,48.86363636,137,0.093919748,176,0.084107237,82,NULL,7.569651305,39,11.35447696,37
Tennessee Tech,45.56962025,300,36.36363636,69,67.5862069,271,5.511811024,328,51.96850394,245,37.88395904,335,78.6163522,360,9.620253165,225,37.99058085,177,43.47181009,323,50.74626866,186,63.43042071,349,0.080084023,277,0.123408166,352,NULL,7.877116975,54,9.583825653,169
Texas,59.58762887,6,33.81294964,150,69.37799043,235,11.86046512,63,45.11627907,50,30.37974684,63,66.66666667,57,7.835051546,104,36.43512451,219,35.53223388,115,58.48563969,43,47.36842105,91,0.111786568,65,0.071451209,14,NULL,8.98902302,134,13.7140223,3
Texas A&M,51.42180095,126,31.57894737,256,73.01587302,106,9.763313609,133,45.85798817,64,35.66666667,266,72.49070632,247,7.819905213,101,36.92077728,208,47.02194357,351,56.94915254,62,62.21374046,345,0.12345679,37,0.104091019,265,NULL,7.7463084,48,10.40910191,83
Texas A&M Commerce,56.5,24,27.24719101,349,67.61363636,270,7.906976744,219,55.58139535,327,34.16370107,208,73.02158273,268,10.5,259,47.08994709,18,39.52180028,244,48.60681115,240,53.13432836,225,0.084885377,233,0.092703767,166,NULL,10.05221568,239,10.05221568,111
Texas A&M Corpus Chris,46.49122807,279,31.27753304,275,78.62068966,15,4.285714286,356,58.21428571,351,36.76470588,305,61.80904523,1,12.28070175,331,39.89455185,127,42.14876033,304,54.7826087,103,62.18487395,344,0.130228283,23,0.094990041,186,NULL,9.039374904,141,11.18431132,46
Texas Southern,43.46938776,337,26.5625,353,59.89010989,357,6.947890819,265,53.59801489,288,34.63035019,220,72.63681592,254,9.183673469,189,28.15249267,347,38.93939394,226,40.90909091,352,53.1147541,224,0.083337279,242,0.099752198,232,NULL,8.712533737,108,10.48029421,75
Texas St.,48.01864802,244,29.54545455,327,68.75,249,12.80653951,40,47.41144414,103,36.45833333,292,72.08333333,233,7.226107226,69,29.09090909,338,34.3470483,87,41.86046512,345,52.04918033,199,0.108953764,79,0.088001117,121,NULL,8.800111747,112,10.19695488,97
Texas Tech,59.11214953,7,36.8852459,58,72.34042553,129,9.595959596,143,45.70707071,62,30.96085409,82,69.44444444,141,9.579439252,220,36.30952381,221,41.50664697,287,56.26822157,74,50.37313433,158,0.130425922,22,0.097819442,212,NULL,9.665492445,208,11.29581647,40
The Citadel,50.36674817,162,32.22222222,231,77.12765957,26,6.872037915,271,49.0521327,150,33.55481728,184,71.48594378,210,11.9804401,322,39.76435935,132,41.63208852,291,48.80546075,237,55.51948052,275,0.076896505,295,0.102128171,252,NULL,8.050102879,65,9.251610772,205
Toledo,52.90697674,82,37.84860558,33,75.33039648,52,7.1278826,257,50.1048218,183,36.72727273,300,75.57603687,324,8.527131783,146,32.72490222,298,36.56914894,147,45.92391304,301,48.82352941,133,0.098589155,154,0.082724234,69,NULL,7.365856422,33,8.612385971,266
Towson,50,175,32.09876543,233,69.44444444,231,10.9263658,93,47.26840855,99,35.64356436,265,72.46376812,245,6.352459016,35,33.24213406,288,41.85082873,296,56.52173913,67,56.35179153,287,0.097957756,158,0.086296118,102,NULL,11.31178846,310,8.16314631,295
Troy,51.28865979,134,31.95488722,242,73.15789474,102,5.898876404,311,52.24719101,255,33.33333333,167,76.33928571,341,7.216494845,66,40.67278287,109,37.76223776,179,52.11267606,150,48.8372093,134,0.103034155,124,0.084300672,87,NULL,9.901983742,224,11.50771084,33
Tulane,54.20353982,56,31.02189781,284,81.06995885,4,10.36866359,107,45.62211982,60,35.91549296,275,73.68421053,286,13.9380531,354,37.74104683,186,39.55431755,245,54.84848485,102,61.33333333,338,0.112968563,58,0.063901409,2,NULL,7.074798882,22,9.699321048,158
Tulsa,48.6746988,229,32.55813953,217,66.46706587,300,4.621848739,348,54.83193277,314,26.89393939,9,72.82051282,261,11.80722892,313,42.03910615,74,35.67567568,121,47.66666667,266,49.39759036,146,0.093827014,179,0.112829953,314,NULL,7.719944179,45,9.857774875,135
UAB,51.05973025,138,34.42622951,121,74.91856678,56,11.94968553,60,46.12159329,70,32.0754717,126,66.66666667,57,8.863198459,170,31.97903014,305,35.71428571,123,54.44126074,105,48.85245902,135,0.111629963,67,0.08952502,141,NULL,9.394600868,183,10.16827388,101
UC Davis,50.94339623,144,33.98058252,142,62.29508197,345,7.459207459,243,44.28904429,38,39.8989899,355,69.23076923,136,11.05121294,285,35.70190641,237,31.57894737,36,50.19305019,194,42.75092937,26,0.082025078,256,0.096816486,202,NULL,11.83312603,342,11.42972401,36
UC Irvine,45.34313725,304,39.39393939,12,72.5,122,6.214689266,299,46.89265537,90,30.98591549,83,70.28301887,162,9.558823529,215,32.67326733,299,37.56613757,174,51.33079848,167,53.01724138,222,0.087899624,218,0.087899624,119,NULL,9.35705678,180,8.648188842,260
UC Riverside,50.33112583,165,32.22222222,231,71.19565217,169,4.415011038,353,49.00662252,149,36.98630137,309,69.16996047,135,8.167770419,124,37.34439834,195,32.58928571,50,47.93650794,257,44.88448845,49,0.065194754,348,0.086926339,109,NULL,9.054826977,144,9.899944162,132
UC San Diego,47.19387755,270,29.3877551,329,72.43589744,125,5.665024631,322,46.30541872,77,38.23529412,342,71.79487179,223,9.693877551,229,38.46153846,162,36.95652174,157,47.08171206,278,57.34767025,305,0.087499369,220,0.095576234,189,NULL,9.557623383,198,6.865335106,353
UC Santa Barbara,52.51396648,96,31.20567376,277,71.58469945,157,7.871720117,221,47.52186589,111,33.5443038,182,65.56291391,34,9.776536313,235,28.25651303,346,31.53692615,32,53.01724138,137,47.68518519,100,0.10862076,83,0.074575447,26,NULL,12.80752239,357,8.106026831,300
UCF,47.59825328,255,36.7003367,60,72.5,122,12.20095694,50,44.73684211,45,30.37542662,62,69.07216495,128,8.07860262,115,39.33774834,145,41.20956399,284,54.43425076,106,53.62318841,236,0.106905267,95,0.092961102,170,NULL,11.73633908,336,11.73633908,24
UCLA,54.45705024,50,37.03703704,53,71.35135135,165,10.8490566,94,49.29245283,155,30.71672355,76,65.11627907,26,4.862236629,4,25.93037215,356,40.86471409,279,48.79807692,238,52.84280936,218,0.128348755,26,0.070813106,10,NULL,7.191956074,25,12.50293902,11
UMBC,48.97494305,212,36.51685393,65,75.58685446,43,6.290672451,291,49.89154013,180,39.52702703,353,72.81553398,260,10.02277904,242,44.77987421,29,39.10171731,231,55.94202899,78,50.7204611,167,0.081541577,260,0.07933775,50,NULL,8.154157656,69,9.807027451,142
UMKC,43.35378323,339,25.390625,358,71.64179104,154,12.04545455,57,45.22727273,52,33.21917808,166,75.73529412,330,8.99795501,176,34.36241611,259,39.89071038,254,40.07220217,356,50.33783784,156,0.092439372,190,0.103851641,263,NULL,11.06990014,299,9.015691869,228
UMass Lowell,53.35968379,72,37.56097561,41,69.52380952,226,14.16309013,25,40.98712446,4,30.48780488,68,75.31380753,315,7.509881423,83,28.8326301,341,34.5505618,94,55.61959654,85,48.4962406,124,0.108990263,78,0.122757454,350,NULL,10.09594011,243,11.12847944,51
UNC Asheville,51.29411765,133,39.02439024,13,65.6779661,316,10.5973025,101,51.25240848,227,33.33333333,167,76.50273224,342,12.47058824,336,36.66169896,212,31.62055336,37,47.13375796,276,47.68786127,101,0.092324115,192,0.121175401,345,NULL,9.9248424,226,8.770790958,249
UNC Greensboro,45.07389163,311,32.95019157,191,72.54901961,119,5.911330049,308,45.56650246,58,32.24637681,134,70.72072072,180,10.09852217,247,39.13043478,147,40.46920821,267,58.36431227,45,51.45985401,185,0.090389959,204,0.089168473,136,NULL,11.60411641,329,10.01618469,116
UNC Wilmington,46.47201946,280,33.4841629,166,72.30769231,131,6.930693069,266,50.74257426,203,29.90654206,53,68.11023622,94,8.02919708,111,34.96835443,250,34.62783172,97,42.26415094,341,43.49442379,37,0.104506016,115,0.078702061,47,NULL,9.805502693,220,9.676482921,160
UNLV,49.08256881,208,32.97101449,188,70.93023256,180,11.73020528,66,50.4398827,188,31.23123123,97,68.82352941,120,7.568807339,87,38.76404494,156,49.40652819,360,50.81967213,181,56.15942029,284,0.148425174,7,0.095833577,195,NULL,8.180915094,74,13.79068544,2
USC,52.56673511,92,33.33333333,174,70.34220532,203,14.83739837,17,41.8699187,7,31.37931034,102,72.92576419,265,7.392197125,79,32.73480663,297,37.08439898,159,57.01492537,59,55.55555556,277,0.105396059,107,0.098808805,225,NULL,10.4298183,265,8.563429763,271
USC Upstate,49.09090909,207,31.67701863,251,62.56410256,343,10.45576408,105,52.8150134,271,30.58252427,70,73.45132743,279,7.532467532,85,29.48717949,334,35.57858377,118,41.66666667,346,46.53846154,69,0.103803067,119,0.090644931,148,NULL,10.38030666,262,9.503097644,187
UT Arlington,41.81360202,352,26.23762376,355,69.56521739,224,8.333333333,193,49.44444444,164,33.03964758,160,69.09090909,129,9.571788413,218,33.72287145,276,38.67120954,216,45.66210046,306,55.33596838,269,0.093783353,181,0.088184347,124,NULL,13.01768936,359,10.07821112,107
UT Rio Grande Valley,55.06493506,37,32.72727273,208,67.24738676,276,8.121827411,203,52.79187817,270,36.66666667,299,75.5186722,322,9.87012987,239,30,326,37.85488959,184,51.87969925,153,67.22972973,358,0.058449149,358,0.114300559,321,NULL,11.68982985,332,11.55994285,31
UTEP,52.06812652,106,26.28571429,354,59.13978495,359,7.848101266,223,48.35443038,133,27.19665272,13,74.3902439,300,6.812652068,47,29.86348123,328,37.69716088,177,50,198,43.75,39,0.098835828,152,0.117842718,332,NULL,11.7842718,338,12.2911222,15
UTSA,42.93948127,342,37.00787402,54,73.4439834,96,4.921700224,342,52.12527964,252,31.64556962,109,73.55769231,281,12.68011527,339,42.26289517,69,34.64912281,98,55.14403292,94,53.24675325,227,0.054571146,363,0.105244352,274,NULL,9.484984814,190,8.965259619,234
Utah,50.92592593,145,36,80,68.65671642,251,14.51905626,21,41.19782214,5,25.64102564,4,64.58333333,18,8.518518519,145,33.74233129,275,36.15295481,134,56.4171123,69,48.85993485,136,0.071049786,329,0.100911291,240,NULL,8.855480616,115,9.061422025,222
Utah St.,53.9800995,61,41.86046512,1,74.6031746,62,10.06423983,120,44.11134904,33,35.24904215,249,73.61702128,284,6.467661692,38,42.81650071,57,35.85164835,128,64.72303207,10,47.65100671,96,0.065317348,346,0.075630613,30,NULL,8.938163379,129,9.51112257,183
Utah Tech,49.72375691,187,36.4,68,70.49808429,195,5.82010582,313,54.76190476,313,35.93073593,276,75.52083333,323,10.49723757,258,40.8496732,105,37.93103448,187,53.50553506,126,54.48275862,257,0.102719131,129,0.074113804,24,NULL,11.83220375,341,9.101695191,215
Utah Valley,50.64599483,156,31.78294574,250,73.55371901,91,14.3776824,23,44.63519313,43,31.14754098,91,70,152,9.560723514,216,40,125,34.36619718,88,57.55395683,52,47.18309859,89,0.092334935,191,0.082216038,65,NULL,10.24538325,254,6.830255502,354
VCU,51.09489051,137,31.02040816,285,70.72463768,187,14.0167364,28,44.9790795,48,33.33333333,167,70.72072072,180,9.00243309,177,37.34756098,194,32.86516854,54,53.84615385,116,50.85324232,169,0.134992386,15,0.111944906,310,NULL,11.19449055,302,11.74324009,23
VMI,44.27083333,325,38.46153846,20,75.35211268,51,5.414012739,331,58.91719745,356,35.34482759,258,70.74468085,182,13.54166667,350,40.37267081,111,52.56797583,363,44.07407407,322,62.66233766,347,0.074473297,310,0.09929773,231,NULL,10.45239262,266,7.969949371,314
Valparaiso,50.67961165,152,29.18287938,331,69.47368421,228,5.555555556,326,49.20634921,154,33.96226415,204,77.44360902,357,5.825242718,20,33.29015544,286,34.4603381,89,47.91666667,260,46.44970414,68,0.082313441,254,0.110473302,304,NULL,8.014729774,62,7.364886819,334
Vanderbilt,49.75,185,32.75862069,204,67.34693878,274,14.67889908,20,47.93577982,121,31.70731707,111,68.80733945,119,8.5,142,42.02898551,75,36.07038123,133,49.31972789,216,51.56794425,189,0.07651251,298,0.102428038,256,NULL,9.13213834,153,9.008731065,230
Vermont,50.48543689,160,34.21052632,129,69.31818182,237,6.12244898,305,52.24489796,254,33.61702128,188,67.5,77,10.67961165,267,42.45810056,64,32.4137931,47,50.96153846,178,46.26865672,64,0.064898099,350,0.097916429,214,NULL,8.653079813,103,8.083798247,305
Villanova,53.93258427,62,33.43023256,173,84.12017167,1,4.668304668,347,49.87714988,177,34.46153846,214,75.27472527,314,9.269662921,194,49.14285714,8,44.3989071,335,49.51140065,215,60.95238095,335,0.080088333,276,0.083621642,76,NULL,6.831063673,15,10.12881855,104
Virginia,51.58501441,120,35.74879227,89,70.94339623,178,15.27777778,11,43.61111111,23,33.04347826,161,72.85714286,262,11.23919308,295,37.36462094,193,38.98305085,227,66.79841897,5,47.21030043,90,0.098097557,156,0.07645839,35,NULL,7.645838969,43,9.809755658,141
Virginia Tech,56.18448637,28,35.13513514,103,72.9281768,109,9.411764706,152,46.66666667,83,29.73977695,48,66.23376623,46,8.595387841,152,38.2923674,168,34.53145058,93,50.80645161,184,44.33962264,45,0.074965761,307,0.07611908,34,NULL,6.689252505,12,10.49520652,73
Wagner,41.75824176,353,32.9004329,195,60.8974359,354,5.050505051,339,50.84175084,211,31.14754098,91,72.22222222,236,15.38461538,360,38.82352941,154,38.125,196,52.19298246,148,51.92307692,194,0.104879161,110,0.083599331,75,NULL,8.967928257,132,9.727922177,153
Wake Forest,54.23340961,53,35.29411765,96,75.40983607,49,7.710280374,229,51.1682243,223,32.84023669,153,68.98148148,123,9.610983982,223,41.18438762,95,44.12532637,333,47.82608696,263,46.96969697,82,0.094445935,173,0.108398175,292,NULL,8.585994097,95,10.08854306,105
Washington,50.83333333,149,32.25806452,227,76.42276423,32,16.77419355,5,50.53763441,193,27.39273927,14,68.29268293,103,8.541666667,149,34.06593407,265,39.453125,242,43.82716049,327,56.91823899,295,0.103568428,121,0.088143343,122,NULL,10.46702199,269,9.585588563,168
Washington St.,49.76303318,184,35.21594684,101,72.42990654,126,6.875,270,52.29166667,258,31.94444444,125,64.78873239,19,7.819905213,101,41.63208852,87,31.03448276,25,46.83544304,281,49.0625,141,0.077200883,294,0.098255669,217,NULL,11.3461904,312,9.474653839,189
Weber St.,49.5890411,193,32.01581028,238,80.64516129,6,5.236907731,334,53.86533666,294,37.5,329,67.98029557,90,12.32876712,332,40.93851133,103,37.44149766,170,49.23664122,221,58.82352941,317,0.079429103,281,0.091839901,154,NULL,11.04560968,296,11.16971765,47
West Virginia,55.02183406,39,38.27160494,25,73.94636015,81,7.63546798,235,48.02955665,125,32.48945148,139,71.02040816,193,7.205240175,64,34.66476462,257,36.85847589,154,52.46376812,145,52.20588235,203,0.108788837,80,0.080409141,54,NULL,9.223401425,163,13.00736098,7
Western Carolina,43.66197183,331,32.86713287,197,69.02654867,241,4.592901879,349,53.44467641,285,34.02777778,206,70.79646018,187,10.70422535,268,44.61778471,33,23.11396469,1,55.42168675,91,40.6557377,14,0.088763105,210,0.087476684,113,NULL,9.133594906,155,9.648163633,163
Western Illinois,52.25988701,103,31.19266055,279,72.4137931,127,9.290953545,156,55.74572127,329,32.16374269,131,70.62146893,177,9.322033898,198,38.11188811,171,29.48275862,12,55.7312253,81,36.39575972,6,0.083243631,244,0.076067456,33,NULL,8.180839612,73,9.041980624,226
Western Kentucky,51.23287671,135,35.74879227,89,65.93406593,310,14.68926554,19,47.74011299,118,35.26970954,251,71.52317881,212,5.753424658,18,36.18881119,223,40.50420168,269,56.32183908,72,47.63779528,95,0.084291605,237,0.065398659,3,NULL,10.60911585,277,10.02779443,114
Western Michigan,48.67549669,228,29.85781991,320,72.26890756,132,6.493506494,283,55.51948052,326,37.11340206,314,64.1025641,14,10.59602649,265,41.13060429,97,38.64541833,214,46.19047619,294,61.72839506,342,0.072719586,318,0.099778036,234,NULL,12.34541803,351,7.610189198,332
Wichita St.,51.49425287,124,28.57142857,337,69,242,10.97046414,90,41.98312236,8,27.48344371,16,71.27071823,202,7.586206897,88,40.32921811,112,38.91752577,225,42.85714286,333,54.25531915,253,0.084638908,236,0.102030464,251,NULL,8.116059653,68,9.043609328,224
William & Mary,45.52238806,301,34.7826087,112,65.0273224,322,5.722070845,319,53.40599455,284,37.8600823,334,73.98843931,291,15.17412935,359,33.99014778,269,39.83606557,252,51.37254902,166,54.16666667,252,0.107185671,93,0.087440942,112,NULL,10.01339821,236,6.910655102,351
Winthrop,51.51515152,122,35.95505618,83,77.25490196,24,9.471365639,149,55.94713656,333,34.7972973,226,63.96396396,13,17.07988981,363,42.38095238,65,39.46666667,243,46.99646643,279,52.94117647,220,0.074137184,312,0.124359147,355,NULL,9.68566432,209,9.566088217,172
Wisconsin,45.62334218,299,37.4015748,43,70.11494253,209,5.509641873,329,49.58677686,167,28.75536481,34,65.06024096,24,10.0795756,246,40.25356577,114,39.09395973,230,53.55805243,123,44.53441296,47,0.119605844,44,0.082908597,71,NULL,7.067618077,21,8.154943935,297
Wofford,53.31491713,74,30.03802281,317,74.48979592,64,4.289544236,355,57.10455764,344,35.10204082,242,71.42857143,208,13.8121547,352,42.08,73,39.64401294,248,46.32352941,291,42.80936455,27,0.086899548,225,0.084140832,83,NULL,7.72440429,47,9.37963378,202
Wright St.,52.04991087,107,33.5078534,165,70.94594595,177,6.278026906,293,52.69058296,268,35.48387097,263,71.03825137,194,6.23885918,33,25.39893617,358,38.48275862,208,51.12359551,174,46.10778443,59,0.090537424,201,0.106381474,283,NULL,7.242993959,28,10.29863204,90
Wyoming,54.65838509,47,33.01282051,186,69.68325792,219,4.761904762,346,52.88220551,275,33.69565217,191,77.41935484,356,12.42236025,335,49.21135647,7,40.88888889,281,49.10394265,227,46.05263158,58,0.071264953,326,0.089081191,135,NULL,9.544413337,194,10.43522525,80
Xavier,55.02555366,38,40.83969466,3,71.62629758,155,10.49069374,104,47.03891709,92,37.40740741,327,67.81609195,85,8.688245315,157,30.8598351,315,31.35888502,30,68.60465116,3,53.82585752,239,0.097736256,161,0.115942029,324,NULL,7.378129117,34,8.62378728,265
Yale,54.70737913,44,32.6848249,211,72.91666667,110,9.793814433,130,44.32989691,39,29.47368421,42,65.46391753,31,7.124681934,60,39.53846154,138,32.87197232,55,49.1638796,224,50,152,0.093307262,185,0.091935097,159,NULL,8.919076533,125,10.42845871,81
Youngstown St.,54.72837022,43,37.82608696,34,78.53881279,16,7.186858316,256,52.3613963,259,36.01694915,280,70.78651685,186,5.432595573,11,31.63686382,309,32.6417704,51,42.6183844,335,48.23529412,114,0.098442787,155,0.086723408,107,NULL,10.07866633,241,9.141115978,212
